ID,NAME,PROF,TIME1,TIME2,CREDITS,YEAR
AE473-00,건축공학응용설계,백장운,월 16:30-19:15 (공176-3호),,3,4
AE473-01,건축공학응용설계,이준복,월 16:30-19:15 (공365호),,3,4
AE473-02,건축공학응용설계,이영학,월 16:30-19:15 (공B103호),,3,4
AE473-03,건축공학응용설계,윤근영,월 16:30-19:15 (공149호),,3,4
AE351-00,건축구조해석,이영학,월 13:30-14:45 (공B103호),수 13:30-14:45 (공B103호),3,3
AE351-01,건축구조해석,이영학,월 15:00-16:15 (공B103호),수 15:00-16:15 (공B103호),3,3
AE371-00,건축설비I,김곤,화 10:30-11:45 (공149호),목 10:30-11:45 (공149호),3,3
AE371-01,건축설비I,박보랑,금 12:00-14:45 (공B103호),,3,3
AE331-00,건축시공및재료I,하광수,금 16:30-19:15 (공B104호),,3,3
AE211-00,기초건축공학설계,김수영,화 16:30-19:15 (글로벌관508호(기초공학설계실)),,3,2
AE211-03,기초건축공학설계,김수영,목 16:30-19:15 (글로벌관508호(기초공학설계실)),,3,2
AE401-00,졸업논문(건축공학전공),김대진,토 09:00-10:00 (공B103호),,0,4
AE451-01,강구조설계,김대진,화 15:00-16:15 (공150호),목 15:00-16:15 (공150호),3,4
AE432-01,건설계획및경제,원서경,금 10:30-13:15 (공149호),,3,4
AE201-00,건축BIM,백장운,화 15:00-16:15 (공176-3호),목 15:00-16:15 (공176-3호),3,2
AE431-00,건축공법,임지영,목 16:30-19:15 (공B103호),,3,4
AE103-00,건축공학개론,김곤,화 12:00-13:15 (공150호),목 12:00-13:15 (공150호),3,1
AE101-00,건축공학프로그래밍,백장운,월 10:30-11:45 (공127호),수 10:30-11:45 (공127호),3,1
AE101-01,건축공학프로그래밍,연문숙,월 16:30-19:15 (공176-4호),,3,1
AE251-00,재료역학1,김대진,수 13:30-15:20 (공142-1호),금 13:30-15:20 (실B104호),3,2
AE251-01,재료역학1,김민숙,수 15:30-17:20 (공149호),금 15:30-17:20 (실B104호),3,2
AE251-02,재료역학1,박성용,금 09:00-10:50 (공B103호),금 11:00-12:50 (실B104호),3,2
AE352-00,철근콘크리트설계II,홍원기,화 13:30-14:45 (공B103호),목 13:30-14:45 (공B103호),3,3
AE271-00,건축환경계획I,김곤,월 12:00-13:15 (공B103호),수 12:00-13:15 (공B103호),3,2
AE271-01,건축환경계획I,정인영,월 10:30-11:45 (공B103호),수 10:30-11:45 (공B103호),3,2
AE202-00,공학수학1,김대진,화 13:30-14:45 (공142-1호),목 13:30-14:45 (공142-1호),3,2
AE231-00,사업관리기초,이준복,화 10:30-11:45 (공B103호),목 10:30-11:45 (공B103호),3,2
AE112-00,정역학,홍원기,월 13:30-14:45 (공149호),수 13:30-14:45 (공149호),3,1
AR271-00,건축구조의이해,정행철,수 16:30-19:15 (공142-1),,3,2
AR491-00,건축법규,김주석,수 16:30-19:15 (공365호),,3,4
AR211-01,건축설계1,정재헌,화 10:30-14:45 (품평실A),금 10:30-14:45 (품평실A),6,2
AR211-02,건축설계1,이관석,화 10:30-14:45 (품평실B),금 10:30-14:45 (품평실B),6,2
AR211-03,건축설계1,문희,화 10:30-14:45 (품평실C),금 10:30-14:45 (품평실C),6,2
AR211-04,건축설계1,임승모,화 10:30-14:45 (품평실D),금 10:30-14:45 (품평실D),6,2
AR211-05,건축설계1,이동훈,화 10:30-14:45 (품평실E),금 10:30-14:45 (품평실E),6,2
AR311-01,건축설계3,김관수,월 10:30-14:45 (품평실A),목 10:30-14:45 (품평실A),6,3
AR311-02,건축설계3,이은석,월 10:30-14:45 (품평실B),목 10:30-14:45 (품평실B),6,3
AR311-03,건축설계3,최여진,월 10:30-14:45 (품평실C),목 10:30-14:45 (품평실C),6,3
AR311-04,건축설계3,정수진,월 10:30-14:45 (품평실D),목 10:30-14:45 (품평실D),6,3
AR411-01,건축설계5,황경은,월 15:00-19:15 (품평실A),목 15:00-19:15 (품평실A),6,4
AR411-02,건축설계5,천장환,월 15:00-19:15 (품평실B),목 15:00-19:15 (품평실B),6,4
AR411-03,건축설계5,이석,월 15:00-19:15 (품평실C),목 15:00-19:15 (품평실C),6,4
AR411-04,건축설계5,민세홍,월 15:00-19:15 (품평실D),목 15:00-19:15 (품평실D),6,4
AR411-05,건축설계5,김도한,월 15:00-19:15 (품평실E),목 15:00-19:15 (품평실E),6,4
AR511-01,건축설계7,김동일,화 15:00-19:15 (품평실A),금 15:00-19:15 (품평실A),6,5
AR511-02,건축설계7,김원준,화 15:00-19:15 (품평실B),금 15:00-19:15 (품평실B),6,5
AR511-03,건축설계7,이두열,화 15:00-19:15 (품평실C),금 15:00-19:15 (품평실C),6,5
AR511-04,건축설계7,김종길,화 15:00-19:15 (품평실D),금 15:00-19:15 (품평실D),6,5
AR511-05,건축설계7,김조윤,화 15:00-19:15 (품평실E),금 15:00-19:15 (품평실E),6,5
AR371-00,건축설비,이동규,금 15:00-17:45 (공365호),,3,3
AR431-01,디지털건축통합시스템,김국환,금 10:30-13:15 (공244호실),,3,4
AR431-02,디지털건축통합시스템,최용의,금 10:30-13:15 (공127호),,3,4
AR251-00,서양건축사I,김일현,화 15:00-16:15 (공B105호),목 15:00-16:15 (공B105호),3,2
AR455-00,한국건축사,유훈조,화 16:30-19:15 (공165호),,3,4
AR351-00,현대건축사,이관석,화 15:00-16:15 (공142-1),목 15:00-16:15 (공142-1),3,3
AR352-00,단지계획,용승찬,월 16:30-19:15 (공142-1),,3,3
AR302-00,연구연수활동1(건축학),이석,토 10:30-11:45 (품평실B),,1,"3,5"
AR452-00,주거론,정재헌,금 15:00-17:45 (공142-1호),,3,3
AR161-01,건축디지털디자인기초,이민호,금 10:30-13:15 (공176-3호),,3,1
AR161-02,건축디지털디자인기초,석상용,금 10:30-13:15 (공176-4),,3,1
AR151-00,건축학개론,김일현,화 13:30-14:45 (시청각실(강당)),목 13:30-14:45 (시청각실(강당)),3,1
AR111-01,설계기초1,김일현,수 13:30-17:45 (품평실A),,3,1
AR111-02,설계기초1,김종수,수 13:30-17:45 (품평실B),,3,1
AR111-03,설계기초1,임권웅,수 13:30-17:45 (품평실C),,3,1
AR111-04,설계기초1,심경주,수 13:30-17:45 (품평실D),,3,1
AR111-05,설계기초1,안창우,수 13:30-17:45 (품평실E),,3,1
AR112-01,표현기법1,이경애,금 15:00-19:15 (공369호),,3,1
AR112-02,표현기법1,최정미,금 15:00-19:15 (품평실F),,3,1
AR112-03,표현기법1,진시영,금 15:00-19:15 (공367호),,3,1
AR112-04,표현기법1,정경미,금 15:00-19:15 (공148호),,3,1
ME379-01,기계공학윤강,이원구,수 12:00-12:50 (공176호),,1,3
ME116-00,수학계획서,이원구,토 09:00-09:50 (공176호),,0,1
ME401-00,졸업논문(기계공학전공),이원구,토 16:30-17:20 (공176호),,0,4
ME385-01,첨단기계공학실험,홍희기,금 12:00-13:50 (공142-2호),금 14:00-15:50 (실215호),3,3
ME385-02,첨단기계공학실험,정인화,금 09:00-10:50 (실215호),금 11:00-12:50 (공B104호),3,3
ME481-01,캡스톤디자인2(기계공학),최동휘,금 09:00-11:45 (공165호),,3,4
ME481-02,캡스톤디자인2(기계공학),김두호,금 09:00-11:45 (실216호),,3,4
ME481-03,캡스톤디자인2(기계공학),김종우,금 09:00-11:45 (공142-2호),,3,4
ME481-04,캡스톤디자인2(기계공학),서종민,금 09:00-11:45 (공371호),,3,4
ME321-01,기계공작법,유송민,월 09:00-10:15 (공371호),수 09:00-10:15 (공371호),3,"3,4"
ME321-02,기계공작법,유송민,월 10:30-11:45 (공371호),수 10:30-11:45 (공371호),3,"3,4"
ME312-01,기계요소설계,최동휘,월 13:30-14:45 (공B104호),수 13:30-14:45 (공B104호),3,3
ME312-02,기계요소설계,이승훈,월 13:30-14:45 (공142-2호),수 13:30-14:45 (공142-2호),3,3
ME371-01,기계진동,장승호,월 15:00-16:15 (공371호),수 15:00-16:15 (공371호),3,3
ME371-02,기계진동,이원구,월 15:00-16:15 (공165호),수 15:00-16:15 (공165호),3,3
ME371-03,기계진동,정인화,화 15:00-16:15 (공165호),목 15:00-16:15 (공165호),3,3
ME391-01,로봇공학,임성수,화 13:30-14:45 (공371호),목 13:30-14:45 (공371호),3,"3,4"
ME391-02,로봇공학,김종우,화 13:30-14:45 (공B104호),목 13:30-14:45 (공B104호),3,"3,4"
ME375-01,메카트로닉스,이순걸,월 09:00-10:15 (공165호),수 09:00-10:15 (공165호),3,3
ME301-01,수치해석,최진환,화 10:30-11:45 (공371호),목 10:30-11:45 (공371호),3,3
ME301-02,수치해석,이병찬,화 10:30-11:45 (공165호),목 10:30-11:45 (공165호),3,3
ME380-01,시스템동역학,최진환,월 16:30-17:45 (공371호),수 16:30-17:45 (공371호),3,3
ME380-02,시스템동역학,김상현,월 16:30-17:45 (공B104호),수 16:30-17:45 (공B104호),3,3
ME389-00,에너지변환공학,송재만,화 16:30-17:45 (공B104호),목 16:30-17:45 (공B104호),3,"3,4"
ME315-00,연구연수활동1(기계공학),이원구,토 10:30-11:20 (공371호),,1,"3,4"
ME231-01,열역학,홍희기,화 09:00-10:15 (공371호),목 09:00-10:15 (공371호),3,2
ME231-02,열역학,구준모,화 09:00-10:15 (공165호),목 09:00-10:15 (공165호),3,2
ME231-03,열역학,이충엽,화 12:00-13:15 (공176호),목 12:00-13:15 (공176호),3,2
ME331-01,열전달,구준모,월 10:30-11:45 (공165호),수 10:30-11:45 (공165호),3,3
ME331-02,열전달,유원종,화 09:00-10:15 (공B104호),목 09:00-10:15 (공B104호),3,3
ME331-03,열전달,송재만,화 09:00-10:15 (공142-2호),목 09:00-10:15 (공142-2호),3,3
ME435-00,유체유동시스템,김형진,월 16:30-17:45 (공165호),수 16:30-17:45 (공165호),3,4
ME335-01,응용유체역학,정신규,화 15:00-16:15 (공142-2호),목 15:00-16:15 (공142-2호),3,3
ME335-02,응용유체역학,이충엽,화 15:00-16:15 (공371호),목 15:00-16:15 (공371호),3,3
ME351-01,재료과학,김두호,월 12:00-13:15 (공B104호),수 12:00-13:15 (공B104호),3,3
ME251-01,재료역학,이경엽,월 15:00-16:15 (공B104호),수 15:00-16:15 (공B104호),3,2
ME251-02,재료역학,허윤정,월 15:00-16:15 (공142-2호),수 15:00-16:15 (공142-2호),3,2
ME251-03,재료역학,최동휘,화 15:00-16:15 (공B104호),목 15:00-16:15 (공B104호),3,2
ME477-01,전산역학,구준모 / 이병찬 / 서종민,월 13:30-14:45 (실216호),수 13:30-14:45 (실216호),3,4
ME202-01,공학수학2,이원구,화 10:30-11:45 (공142-2호),목 10:30-11:45 (공142-2호),3,2
ME202-02,공학수학2,김형진,화 10:30-11:45 (공B104호),목 10:30-11:45 (공B104호),3,2
ME202-03,공학수학2,김종우,화 16:30-17:45 (공149호),목 16:30-17:45 (공176호),3,2
ME118-01,프로그래밍입문,이병찬,월 10:30-11:45 (공B104호),수 10:30-11:45 (공B104호),3,1
ME118-02,프로그래밍입문,정신규,월 15:00-16:15 (공176호),수 15:00-16:15 (공176호),3,1
ME118-03,프로그래밍입문,허윤정,화 13:30-14:45 (공142-2호),목 13:30-14:45 (공142-2호),3,1
ME118-04,프로그래밍입문,김두호,화 13:30-14:45 (공176-3호),목 13:30-14:45 (공176-3호),3,1
ME118-05,프로그래밍입문,서종민,월 10:30-11:45 (공176-4호),수 10:30-11:45 (공176-4호),3,1
ME118-06,프로그래밍입문,이병찬,월 09:00-10:15 (공142-2호),수 09:00-10:15 (공142-2호),3,1
CE351-00,건설계획및관리,이석근,금 09:00-11:45 (공150호),,3,3
CE377-01,구조역학,황의승,월 13:30-14:45 (공150호),수 13:30-14:45 (공150호),3,3
CE377-02,구조역학,황의승,월 15:00-16:15 (공150호),수 15:00-16:15 (공150호),3,3
CE275-00,유체역학,강두선,월 10:30-11:45 (공150호),수 10:30-11:45 (공150호),3,2
CE400-00,졸업논문(사회기반시스템공학),남부현,토 09:00-09:50 (),,0,4
CE378-00,철근콘크리트공학및설계,정원석,화 10:30-11:45 (공150호),목 10:30-11:45 (공150호),3,3
CE474-00,강구조공학,주부석,화 13:30-14:45 (공150호),목 13:30-14:45 (공150호),3,4
CE475-00,도로공학,신용석,금 15:00-17:45 (공B101호),,3,4
CE485-01,사회기반시스템디자인1,주부석,화 16:30-19:15 (공365호),,3,4
CE485-02,사회기반시스템디자인1,강두선,화 16:30-19:15 (공127호),,3,4
CE485-03,사회기반시스템디자인1,정영훈,화 16:30-19:15 (공363호),,3,4
CE371-00,상수도공학,고석오,월 10:30-11:45 (공B101호),수 10:30-11:45 (공B101호),3,3
CE380-00,수문학,강두선,월 16:30-17:45 (공150호),수 16:30-17:45 (공150호),3,3
CE273-00,수치해석및실습,김석현,화 10:30-12:20 (공145호),목 10:30-12:20 (공244호실),3,2
CE301-00,연구연수활동1(사회기반시스템공학),남부현,토 13:30-15:20 (공150호),,1,"3,4"
CE277-01,재료역학및실험,김성민,월 13:30-15:20 (공B101호),수 13:30-15:20 (공B101호),3,2
CE277-02,재료역학및실험,김성민,월 15:30-17:20 (공B101호),수 15:30-17:20 (공B101호),3,2
CE476-00,지반재해와지반공학,송영우,금 09:00-11:45 (공369호),,3,4
CE379-00,흙의전단강도및실험,정영훈,화 13:00-14:50 (공B101호),목 13:00-14:50 (공B101호),3,3
CE201-00,공학수학,남부현,월 09:00-10:15 (공B101호),수 09:00-10:15 (공B101호),3,1
CE202-00,공학통계학,이상우,화 16:30-19:15 (공150호),,3,2
CE100-00,공학프로그래밍입문,김석현,화 09:00-10:15 (공127호),목 09:00-10:15 (공127호),3,1
IE301-00,경영과학1,박명주,화 12:00-13:15 (공367호),목 12:00-13:15 (공367호),3,3
IE301-01,경영과학1,박명주,화 13:30-14:45 (공367호),목 13:30-14:45 (공367호),3,3
IE400-00,졸업논문(산업경영공학),박명주,- (),,0,4
IE423-01,창의적종합설계1(산업경영공학),반상우,화 15:00-16:15 (공148호),목 15:00-16:15 (공148호),3,4
IE423-02,창의적종합설계1(산업경영공학),엄주명,화 15:00-16:15 (공469호),목 15:00-16:15 (공469호),3,4
IE410-00,CAD/CAM,엄주명,화 09:00-10:15 (공176-4호),목 09:00-10:15 (공176-4호),3,4
IE429-00,경영경제데이터분석,최현홍,화 16:30-17:45 (공148호),목 16:30-17:45 (공148호),3,4
IE201-00,경제성공학,최인수,화 17:50-19:05 (공B101호),목 17:50-19:05 (공B101호),3,2
IE315-00,공급사슬관리,김동욱,금 15:00-17:45 (공371호),,3,3
IE329-00,금융공학,최인수,화 16:30-17:45 (공B101호),목 16:30-17:45 (공B101호),3,3
IE304-00,기술경영,신정우,월 15:00-16:15 (공367호),수 15:00-16:15 (공367호),3,3
IE306-00,데이터마이닝,진창호,화 10:30-11:45 (공148호),목 10:30-11:45 (공148호),3,3
IE213-00,데이터베이스,정재윤,월 15:00-16:15 (공148호),수 15:00-16:15 (공148호),3,2
IE215-00,데이터사이언스,진창호,월 10:30-11:45 (공367호),수 10:30-11:45 (공367호),3,2
IE215-01,데이터사이언스,진창호,월 12:00-13:15 (공367호),수 12:00-13:15 (공367호),3,2
IE320-00,독립심화학습1(산업경영공학과),최현홍,금 16:00-18:25 (공469호),,3,"3,4"
IE428-00,머신러닝,김영훈,월 10:30-11:45 (공148호),수 10:30-11:45 (공148호),3,4
IE411-00,연구연수활동1(산업경영공학),박명주,토 13:30-15:20 (공367호),,1,4
IE308-00,인간공학,반상우,월 16:30-17:45 (공176호),수 16:30-17:45 (공176호),3,3
IE407-00,컴퓨터시뮬레이션,전현우,화 13:30-14:45 (공244호실),목 13:30-14:45 (공244호실),3,4
IE203-00,공학수학1,최현홍,화 13:30-14:45 (공148호),목 13:30-14:45 (공148호),3,2
IE203-01,공학수학1,신정우,월 16:30-17:45 (공148호),수 16:30-17:45 (공148호),3,2
IE103-00,산업경영공학의이해,반상우,월 12:00-13:15 (공B102호),수 12:00-13:15 (공B102호),3,1
IE207-00,실험통계학,전현우,화 09:00-10:15 (공367호),목 09:00-10:15 (공367호),3,2
IE207-01,실험통계학,전현우,화 10:30-11:45 (공367호),목 10:30-11:45 (공367호),3,2
NE441-00,방사성폐기물관리,정재학,화 10:30-11:45 (공142-1호),목 10:30-11:45 (공142-1호),3,4
NE351-00,보건물리,김광표,월 09:00-10:15 (공B103호),수 09:00-10:15 (공B103호),3,3
NE322-00,원자로계통공학,김형대,화 10:30-11:45 (공365호),목 10:30-11:45 (공365호),3,3
NE311-00,원자로이론I,박호진,월 10:30-11:45 (공365),수 10:30-11:45 (공365),3,3
NE402-00,졸업논문(원자력공학전공),장근옥,토 09:00-09:50 (공365호),,0,4
NE203-00,핵공학개론I,정범진,월 09:00-10:15 (공365호),수 09:00-10:15 (공365호),3,2
NE354-00,고체역학,장윤석,금 09:00-11:45 (공365호),,3,3
NE413-00,노심설계,박호진,화 12:55-14:45 (공149호),목 12:55-14:45 (공149호),3,4
NE446-00,독립심화학습1(원자력공학과),장근옥 / 박광헌,금 13:30-16:15 (공272호),,3,"3,4"
NE359-00,수치해석,장근옥,화 13:30-14:45 (공365),목 13:30-14:45 (공365),3,3
NE465-00,열수력학설계,김형대,화 09:00-10:15 (공272호),목 09:00-10:15 (공272호),3,4
NE201-00,원자및핵물리,김광표,월 12:00-13:15 (공365호),수 12:00-13:15 (공365호),3,2
NE222-00,유체역학,장근옥,화 09:00-10:15 (공365호),목 09:00-10:15 (공365호),3,2
NE357-00,핵및방사화학,정재학,월 12:00-13:15 (공363호),수 12:00-13:15 (공363호),3,3
NE205-00,공학수학1,우승민,화 13:30-14:45 (공165호),목 13:30-14:45 (공165호),3,2
NE101-00,원자력디지털전환,허균영,화 09:00-10:15 (공244호실),목 09:00-10:15 (공244호실),3,1
AMIE471-00,고체물리,정선호,화 15:00-16:15 (공263호),목 15:00-16:15 (공263호),3,3
AMIE471-01,고체물리,정선호,화 16:30-17:45 (공263호),목 16:30-17:45 (공263호),3,3
AMIE251-00,물리화학,박윤석,월 09:00-10:15 (공263호),수 09:00-10:15 (공263호),3,2
AMIE261-00,유기화학,장보규,화 13:30-14:45 (공263호),목 13:30-14:45 (공263호),3,2
AMIE220-01,재료과학,윤성민,월 10:30-11:45 (공263호),수 10:30-11:45 (공263호),3,2
AMIE220-02,재료과학,윤성민,월 13:30-14:45 (공263호),수 13:30-14:45 (공263호),3,2
AMIE4001-00,졸업논문(고분자.섬유신소재전공),이제욱,토 09:00-09:50 (),,0,4
AMIE400-00,졸업논문(정보전자신소재공학),이제욱,토 10:30-11:20 (),,0,4
AMIE394-00,중급신소재및실험,이제욱,화 12:00-13:15 (공B102호),금 10:30-11:45 (공367호),3,3
AMIE394-01,중급신소재및실험,박윤석,화 12:00-13:15 (공B103호),금 13:30-14:45 (공367호),3,3
AMIE352-00,결정구조학,박민식,월 10:30-11:45 (공B105호),수 10:30-11:45 (공B105호),3,3
AMIE461-00,고분자공학,이제욱,월 13:30-14:45 (공102-1호),수 13:30-14:45 (공102-1호),3,4
AMIE275-00,금속재료상변태,이빈,월 15:00-16:15 (공263호),수 15:00-16:15 (공263호),3,2
AMIE476-00,나노콜로이드공학,정선호,화 10:30-11:45 (공102-1호),목 10:30-11:45 (공102-1호),3,4
AMIE3103-00,독립심화학습1(정보전자신소재공학과),박윤석,수 16:30-19:15 (공263호),,3,"3,4"
AMIE477-00,반도체메모리공학,윤성민,화 09:00-10:15 (공263호),목 09:00-10:15 (공263호),3,4
AMIE351-00,반도체분광기기분석,이홍섭,월 13:30-14:45 (공B105호),수 13:30-14:45 (공B105호),3,3
AMIE331-01,반도체재료,강성준,화 10:30-11:45 (공263호),목 10:30-11:45 (공263호),3,3
AMIE475-00,정보전자신소재종합설계1,전우진,화 16:30-19:15 (공367호),,3,4
AMIE202-01,공학수학1,이빈,화 09:00-10:15 (공B105호),목 09:00-10:15 (공B105호),3,2
AMIE201-00,공학프로그래밍입문,장보규,월 16:30-17:45 (공244호실),수 16:30-17:45 (공244호실),3,2
CHE332-01,반응공학,유태경,월 15:00-16:15 (공B102호),수 15:00-16:15 (공B102호),3,3
CHE332-02,반응공학,김종식,화 09:00-10:15 (공149호),목 09:00-10:15 (공149호),3,3
CHE433-00,졸업논문(화학공학),오진영,토 15:30-16:15 (공B102호),,0,4
CHE232-01,화공기초실험및설계,서태석,월 16:30-21:20 (실123호),,3,2
CHE232-02,화공기초실험및설계,이창우,화 16:30-21:20 (실123호),,3,2
CHE232-03,화공기초실험및설계,김종식,수 16:30-21:20 (실123호),,3,2
CHE232-04,화공기초실험및설계,오진영,목 16:30-21:20 (실123호),,3,2
CHE232-05,화공기초실험및설계,윤태호,금 10:30-15:20 (실123호),,3,2
CHE331-01,화공열역학I,김성수,월 10:30-11:45 (공363호),수 10:30-11:45 (공363호),3,3
CHE331-02,화공열역학I,김성수,월 13:30-14:45 (공B102호),수 13:30-14:45 (공B102호),3,3
CHE431-01,화학공학실험및설계,이범석,월 16:30-21:20 (실124호),,3,4
CHE431-02,화학공학실험및설계,김영철,화 16:30-21:20 (실124호),,3,4
CHE431-03,화학공학실험및설계,박범준,수 16:30-21:20 (실124호),,3,4
CHE431-04,화학공학실험및설계,김진수,목 16:30-21:20 (실124호),,3,4
CHE431-05,화학공학실험및설계,강남규,금 15:00-19:50 (실124호),,3,4
CHE378-00,고분자물성및응용,배재형,월 09:00-10:15 (공B102호),수 09:00-10:15 (공B102호),3,3
CHE453-00,공정설계,이범석,월 10:30-11:45 (공176-3호),수 10:30-11:45 (공176-3호),3,4
CHE453-01,공정설계,이범석,월 13:30-14:45 (공176-3호),수 13:30-14:45 (공176-3호),3,4
CHE477-00,반도체공정,백상현,화 09:00-10:15 (공363호),목 09:00-10:15 (공363호),3,4
CHE252-01,분석화학,박종욱,화 10:30-11:45 (공B101호),목 10:30-11:45 (공B101호),3,2
CHE252-02,분석화학,박종욱,화 13:30-14:45 (공B102호),목 13:30-14:45 (공B102호),3,2
CHE259-01,생명공학개론,이은열,월 09:00-10:15 (공363호),수 09:00-10:15 (공363호),3,2
CHE259-02,생명공학개론,강남규,화 09:00-10:15 (공B102호),목 09:00-10:15 (공B102호),3,2
CHE353-01,열및물질전달,김진수,월 16:30-17:45 (공B102호),수 16:30-17:45 (공B102호),3,3
CHE353-02,열및물질전달,이창우,월 16:30-17:45 (공363),수 16:30-17:45 (공363),3,3
CHE362-00,유기전자재료,김영철,화 13:30-14:45 (공363호),목 13:30-14:45 (공363호),3,3
CHE251-01,유기화학,백상현,월 13:30-14:45 (공363호),수 13:30-14:45 (공363호),3,2
CHE251-02,유기화학,백상현,월 15:00-16:15 (공363호),수 15:00-16:15 (공363호),3,2
CHE376-00,응용생화학,강남규,화 16:30-17:45 (공B102호),목 16:30-17:45 (공B102호),3,3
CHE363-00,이동현상,박범준,화 15:00-16:15 (공363),목 15:00-16:15 (공363),3,"3,4"
CHE456-00,전지기술,이용택,화 10:30-11:45 (공363호),목 10:30-11:45 (공363호),3,4
CHE478-00,창의심화연구1,박범준,금 09:00-11:45 (공B102호),,3,4
CHE231-01,화공양론,오진영,월 10:30-11:45 (공142-1호),수 10:30-11:45 (공142-1호),3,2
CHE231-02,화공양론,오진영,화 15:00-16:15 (공B102),목 15:00-16:15 (공B102),3,2
CHE258-00,화학공학프로그래밍입문,김현기,금 13:30-16:15 (공176-4호),,3,2
CHE132-01,화학공학입문,서태석,월 10:30-11:45 (공B102호),수 10:30-11:45 (공B102호),3,1
CHE132-02,화학공학입문,서태석,화 10:30-11:45 (공B102호),목 10:30-11:45 (공B102호),3,1
ENV385-00,대기오염공정실험및설계,조영민,"화 16:30-21:20 (공102-1호, 342)",,3,3
ENV385-01,대기오염공정실험및설계,이태정,"목 16:30-21:20 (공102-1호, 342)",,3,3
ENV488-01,신재생에너지실험및설계,황선진,"화 16:30-21:20 (공369호, 341)",,3,4
ENV488-02,신재생에너지실험및설계,민부기,"목 16:30-21:20 (공369호, 341)",,3,4
ENV487-00,졸업논문(환경학및환경공학전공),유창규,토 16:30-17:20 (),,0,4
ENV485-00,환경논문연구,오종민,월 16:30-19:15 (공369호),,3,4
ENV418-00,환경종합설계,황선진,수 15:00-17:45 (공341호),,3,4
ENV387-00,기후변화생태학실험실습,유가영,"월 16:30-21:20 (공102-1호, 공358)",,3,3
ENV394-00,독립심화학습1(환경공학과),유창규,토 13:30-16:15 (공102-1호),,3,"3,4"
ENV390-00,물리화학적수처리,민부기,화 10:30-11:45 (공369호),목 10:30-11:45 (공369호),3,3
ENV281-00,수질오염학,최이송,금 09:00-11:45 (공102-1호),,3,2
ENV391-00,에어로졸제어,윤정호,화 15:00-16:15 (공369),목 15:00-16:15 (공369),3,3
ENV382-00,연구연수활동1(환경학및환경공학),유창규,토 10:30-12:20 (공102-1호),,1,"3,4"
ENV315-00,하천환경복원설계,최이송,월 10:30-11:45 (공369),수 10:30-11:45 (공369),3,3
ENV379-00,환경기기분석,유창규,월 15:00-16:15 (공369호),수 15:00-16:15 (공369호),3,2
ENV212-01,환경설계기초,황선진,월 13:30-14:45 (공369호),수 13:30-14:45 (공369호),3,2
ENV276-00,환경양론,조영민,월 09:00-10:15 (공369호),수 09:00-10:15 (공369호),3,2
ENV461-00,환경영향평가,조영민,화 09:00-10:15 (공369호),목 09:00-10:15 (공369호),3,4
ENV175-00,환경이슈와첨단환경세미나,유창규,월 17:00-17:50 (공263호),,1,1
ENV389-00,환경통계분석실습,장광현,월 09:00-10:15 (칼랩 176-4),수 09:00-10:15 (칼랩 176-4),3,3
ENV274-01,공학프로그래밍입문,윤정호,화 09:00-10:15 (공176-3호),목 09:00-10:15 (공176-3호),3,2
IS2508-00,Major Issues in International Studies,정하용,월 13:30-14:45 (국202호),수 13:30-14:45 (국202호),3,2
IS2508-01,Major Issues in International Studies,정하용,월 15:00-16:15 (국202호),수 15:00-16:15 (국202호),3,2
IS2204-00,Statistics for Social Science,성레나,월 09:00-10:15 (국101-2호),수 09:00-10:15 (국101-2호),3,2
IS2204-01,Statistics for Social Science,최슬아,금 12:00-14:45 (국105호),,3,2
IS4001-00,졸업논문(국제학전공),김소연,- (),,0,4
IS1011-00,Advanced English for International Contexts,Sharon Morrison,화 13:30-14:45 (국207호),목 13:30-14:45 (국207호),3,1
IS4401-00,American Foreign Policy,정하용,월 10:30-11:45 (국202호),수 10:30-11:45 (국202호),3,3
IS2301-00,Business Finance,이젬마,월 13:30-14:45 (국209호),수 13:30-14:45 (국209호),3,2
IS3536-00,Climate Changes and ESG Management,오형나,월 18:00-20:45 (국202호),,3,3
IS2001-00,Comparative Area Studies,여유경,화 15:00-16:15 (국101-2호),목 15:00-16:15 (국101-2호),3,2
IS3302-00,Consumer Behavior,김소연,화 10:30-11:45 (국203호),목 10:30-11:45 (국203호),3,3
IS3103-00,Culture and International Relations,양준희,월 15:00-16:15 (국105호),수 15:00-16:15 (국105호),3,3
IS2402-00,East Asian International Relations,여유경,화 16:30-17:45 (국101-2호),목 16:30-17:45 (국101-2호),3,2
IS4201-00,Econometrics,오형나,월 10:30-11:45 (국208호),수 10:30-11:45 (국208호),3,3
IS3530-00,Economics of Poverty,박복영,월 15:00-16:15 (국101-2호),수 15:00-16:15 (국101-2호),3,3
IS2503-00,Global Data Analysis for Economics and Business,안지연,화 13:30-14:45 (국106호(전)),목 13:30-14:45 (국106호(전)),3,2
IS2101-00,History of International Relations,우승지,금 15:00-17:45 (국208호),,3,2
IS3520-00,Independent Learning & Research (International Studies),문돈,토 09:00-11:45 (국207호),,3,3
IS3520-01,Independent Learning & Research (International Studies),안지연,토 09:00-11:45 (국207호),,3,3
IS3520-02,Independent Learning & Research (International Studies),Ioannis Tellidis,토 09:00-11:45 (국207호),,3,3
IS3520-03,Independent Learning & Research (International Studies),곽재성,토 09:00-11:45 (국207호),,3,3
IS3520-04,Independent Learning & Research (International Studies),김소연,토 09:00-11:45 (국207호),,3,3
IS1010-00,Intermediate English for International Contexts,Sharon Morrison,화 09:00-10:15 (국207호),목 09:00-10:15 (국207호),3,1
IS1010-01,Intermediate English for International Contexts,Sharon Morrison,화 10:30-11:45 (국207호),목 10:30-11:45 (국207호),3,1
IS4102-00,International Conflict and Resolution,Ioannis Tellidis,월 16:30-17:45 (국204호),수 16:30-17:45 (국204호),3,3
IS3001-00,International Finance,양두용,월 13:30-14:45 (국203호),수 13:30-14:45 (국203호),3,2
IS3001-01,International Finance,전종규,월 10:30-11:45 (국105호),수 10:30-11:45 (국105호),3,2
IS3105-00,International Negotiations,문돈,월 13:30-14:45 (국101-2호),수 13:30-14:45 (국101-2호),3,3
IS2102-00,International Organizations,문돈,월 10:30-11:45 (국101-2호),수 10:30-11:45 (국101-2호),3,2
IS2003-00,International Political Economy,문돈,월 16:30-17:45 (국101-2호),수 16:30-17:45 (국101-2호),3,2
IS2003-01,International Political Economy,임규택,화 18:00-20:45 (국203호),,3,2
IS2004-00,International Security,박한규,월 10:30-11:45 (국204호),수 10:30-11:45 (국204호),3,3
IS3002-00,International Trade,이창수,화 12:00-13:15 (국209호),목 12:00-13:15 (국209호),3,2
IS3002-01,International Trade,이창수,화 13:30-14:45 (국209호),목 13:30-14:45 (국209호),3,2
IS4404-00,Korean Foreign Policy,박한규,월 13:30-14:45 (국204호),수 13:30-14:45 (국204호),3,3
IS2505-00,Korean Politics and Economy,정연경,화 10:30-11:45 (국204호),목 10:30-11:45 (국204호),3,2
IS2202-00,Macroeconomics,전종규,월 09:00-10:15 (국105호),수 09:00-10:15 (국105호),3,2
IS2202-01,Macroeconomics,양두용,월 15:00-16:15 (국203호),수 15:00-16:15 (국203호),3,2
IS2103-00,Major Issues in Global Affairs,이유철,수 16:30-19:15 (국203호),,3,2
IS2203-00,Mathematics for Economics and Business,양두용,월 10:30-11:45 (국203호),수 10:30-11:45 (국203호),3,2
IS2201-00,Microeconomics,현혜정,월 15:00-16:15 (국204호),수 15:00-16:15 (국204호),3,2
IS2201-01,Microeconomics,현혜정,월 13:30-14:45 (국105호),수 13:30-14:45 (국105호),3,2
IS3532-00,Monitoring and Evaluation for Development Project,신재은,금 12:00-14:45 (국202호),,3,3
IS3406-00,North Korea and Inter-Korean Relations,우승지,화 15:00-16:15 (국209호),목 15:00-16:15 (국209호),3,3
IS2303-00,Principles of Accounting,김근수,월 10:30-11:45 (국209호),수 10:30-11:45 (국209호),3,2
IS2304-00,Principles of Marketing,문일권,화 15:00-17:45 (국103호),,3,2
IS3408-00,State and Society in East Asia,김선일,금 09:00-11:45 (국202호),,3,3
IS3505-00,Topics in East Asian Studies I (H),김선일,목 18:00-20:45 (국202호),,3,3
IS4208-00,Topics in Microeconomics (H),오형나,월 13:30-14:45 (국305호),수 13:30-14:45 (국305호),3,4
IS2507-00,Understanding International Development Cooperation,곽재성,금 09:00-11:45 (국203호),,3,2
IS3109-00,Understanding International Law,백범석,금 12:00-14:45 (국103호),,3,3
IS2105-00,War and Peace,Ioannis Tellidis,화 16:30-17:45 (국204호),목 16:30-17:45 (국204호),3,2
IS1001-00,Introduction to Economics I,주효연,화 13:30-14:45 (국103호),목 13:30-14:45 (국103호),3,1
IS1001-01,Introduction to Economics I,주효연,화 12:00-13:15 (국103호),목 12:00-13:15 (국103호),3,1
IS1001-02,Introduction to Economics I,이창수,화 10:30-11:45 (국202호),목 10:30-11:45 (국202호),3,1
IS1002-00,Introduction to Economics II,안지연,금 09:00-11:45 (국B101호 Stair-like Lecture Room (계단강의실)),,3,1
IS1004-00,Introduction to International Relations,백종완,수 09:00-11:45 (국B101호 Stair-like Lecture Room (계단강의실)),,3,1
IS1004-01,Introduction to International Relations,양준희,월 16:30-17:45 (국105호),수 16:30-17:45 (국105호),3,1
IS1003-00,Introduction to Political Science,정진영,화 13:30-14:45 (국105호),목 13:30-14:45 (국105호),3,1
IS1003-01,Introduction to Political Science,정진영,화 15:00-16:15 (국105호),목 15:00-16:15 (국105호),3,1
GK2002-00,Understanding Korean Business,이찬우,월 15:00-17:45 (국103호),,3,2
GK4001-00,졸업논문(글로벌한국학전공),김선일,토 18:00-19:00 (국B101호 Stair-like Lecture Room (계단강의실)),,0,4
GK3025-00,East Asian Economic Development,최영진,화 15:00-16:15 (국203호),목 15:00-16:15 (국203호),3,3
GK2001-00,K-Pop:KoreanPopCulture,박정혁,금 15:00-17:45 (국203호),,3,2
GK1001-00,Beginner Korean 1,이은진,금 09:00-11:45 (국101-2호),,3,1
GK1002-00,Beginner Korean 2,김춘영,금 09:00-11:45 (국204호),,3,1
GK3027-00,Culture and Society of Korea,김기호,수 12:00-14:45 (국103호),화 18:00-19:00 (국204호),3,1
SFS302-00,빅데이터분석및응용,정대현,수 09:00-12:45 (국경108),,3,3
SFS301-00,식물육종학,권춘탁,월 13:30-14:45 (국경301),수 13:30-14:45 (국경301),3,3
SFS303-00,식물표현체학,홍우종,화 09:00-10:15 (국경311),목 09:00-10:15 (국경311),3,3
SFS401-00,졸업논문(스마트팜과학),권춘탁,- (),,0,4
HBT401-00,졸업논문(원예생명공학),권춘탁,- (),,0,4
SFS201-00,바이오시스템공학,정대현,화 15:00-16:15 (생119(시청각실)),목 15:00-16:15 (생119(시청각실)),3,2
SFS215-00,수경재배론,박영준,화 10:30-11:45 (국경311),목 10:30-11:45 (국경311),3,2
SFS214-00,스마트농업프로그래밍,홍우종,월 16:30-17:45 (생B113(전산실)),수 16:30-17:45 (생B113(전산실)),3,2
SFS311-00,식물번식학,엄석현,화 15:00-16:15 (생423),목 15:00-16:15 (생423),3,3
SFS206-00,식물생리학,엄석현,화 13:30-14:45 (생424),목 13:30-14:45 (생424),3,2
SFS203-00,식물생화학,박영준,화 16:30-17:45 (국경311),목 16:30-17:45 (국경311),3,2
SFS308-00,식물유전체학,권춘탁,월 15:00-16:15 (국경301),수 15:00-16:15 (국경301),3,3
PAM217-00,고분자개론,유정목,화 10:30-11:45 (생423),목 10:30-11:45 (생423),3,2
PAM401-00,졸업논문(식물·환경신소재공학),이정태,- (),,0,4
PAM218-00,지속가능형바이오플라스틱개론,황성연,월 13:30-14:45 (생422),수 13:30-14:45 (생422),3,2
PAM215-00,바이오매스와에너지소재,이정태,월 16:30-17:45 (생422),수 16:30-17:45 (생422),3,2
PAM411-00,바이오소재캡스톤디자인1,이찬희,수 16:30-18:45 (생태정보실험실),,3,4
PAM208-00,식물세포생물학,이찬희,월 10:30-11:45 (국경310),수 10:30-11:45 (국경310),3,2
PAM335-00,천연고분자과학개론,김웅진,월 18:00-20:45 (실험실),화 12:00-13:15 (생422),3,3
FSB231-00,생물유기화학,김해영,월 10:30-11:45 (생119(시청각실)),수 10:30-11:45 (생119(시청각실)),3,2
FSB381-00,식품생화학2,김미주,화 15:00-16:15 (국경305),목 15:00-16:15 (국경305),3,3
FSB391-00,식품화학I,노회진,월 12:00-14:45 (생119(시청각실)),,3,3
FSB401-00,졸업논문(식품공학전공),박천석,- (),,0,4
FSB361-00,바이오기능성식품소재,김대옥,월 10:30-11:45 (생424),수 10:30-11:45 (생424),3,3
FSB394-00,식품공학1,조명수,금 12:00-14:45 (국경301),,3,3
FSB271-00,식품나노과학개론,김영록,화 13:30-14:45 (생119(시청각실)),목 13:30-14:45 (생119(시청각실)),3,3
FSB241-00,식품미생물학Ⅰ및실험,박천석,월 15:00-16:50 (국경108),화 16:30-18:20 (식품미생물학실험실),3,2
FSB241-01,식품미생물학Ⅰ및실험,박천석,월 15:00-16:50 (국경108),수 16:30-18:20 (식품미생물학실험실),3,2
FSB402-00,식품생명공학캡스톤디자인1,박천석,토 10:00-12:45 (국301),,3,4
FSB496-00,식품신산업과지식재산권,공경식,월 15:00-17:45 (국경103),,3,4
FSB383-00,식품안전정책과법령,손문기,화 16:30-17:45 (생423),목 16:30-17:45 (생423),3,4
FSB471-00,식품영양학,김영록,화 10:30-11:45 (국경108),목 10:30-11:45 (국경108),3,4
FSB281-00,식품학개론,김미주,화 12:00-13:15 (국경305),목 12:00-13:15 (국경305),3,2
FSB304-00,연구연수활동1(식품공학),박천석,- (),,1,3
GEN202-00,미생물학I,황재성,월 10:30-11:45 (국경311),수 10:30-11:45 (국경311),3,2
GEN202-01,미생물학I,황재성,월 13:30-14:45 (국경311),수 13:30-14:45 (국경311),3,2
GEN303-00,분자생물학II,백광희,월 13:30-14:45 (생424),수 13:30-14:45 (생424),3,3
GEN309-00,세포생물학1,정용수,화 13:30-14:45 (국경311),목 13:30-14:45 (국경311),3,3
GEN401-00,졸업논문(유전생명공학전공),김기영,- (),,0,4
GEN407-00,면역학,강창중,월 15:00-16:15 (생424),수 15:00-16:15 (생424),3,4
GEN407-01,면역학,강창중,화 15:00-16:15 (생424),목 15:00-16:15 (생424),3,4
GEN203-00,미생물학실험,황재성,월 15:30-19:20 (생116(생화학 학부실험실)),,2,2
GEN203-01,미생물학실험,김기영,월 09:30-13:20 (생116(생화학 학부실험실)),,2,2
GEN203-02,미생물학실험,황재성,금 13:30-17:20 (생116(생화학 학부실험실)),,2,2
GEN416-00,바이오경영과창업,진변석,목 10:30-13:15 (국경103),,3,2
GEN102-00,바이오와지식재산개론,진변석,목 15:30-18:15 (국경103),월 16:30-17:45 (생423),3,2
GEN305-00,분자생물학I,김기영,월 15:00-16:15 (국경311),수 15:00-16:15 (국경311),3,3
GEN305-01,분자생물학I,정용수,화 15:00-16:15 (국경311),목 15:00-16:15 (국경311),3,3
GEN306-00,분자생물학실험,김기영,화 16:30-20:20 (생116(생화학 학부실험실)),,2,3
GEN306-02,분자생물학실험,김기영,금 09:30-13:20 (생116(생화학 학부실험실)),,2,3
GEN204-00,생화학I,부성희,월 10:30-11:45 (국경305),수 10:30-11:45 (국경305),3,2
GEN204-01,생화학I,부성희,화 10:30-11:45 (국경305),목 10:30-11:45 (국경305),3,2
GEN409-00,생화학기기분석,조만호,월 13:30-14:45 (국경305),수 13:30-14:45 (국경305),3,4
GEN410-00,식물분자생물학,전종성,화 13:30-14:45 (국경108),목 13:30-14:45 (국경108),3,4
GEN315-00,연구연수활동1(유전생명공학),김기영,- (),,1,3
GEN418-00,유전공학종합설계,김기영,금 13:00-15:45 (생424),월 12:00-13:15 (생424),3,4
GEN308-00,인체생리학,정용수,화 12:00-13:15 (국경311),목 12:00-13:15 (국경311),3,3
GEN208-00,작물생명공학,하선화,월 12:00-13:15 (국경305),수 12:00-13:15 (국경305),3,2
GEN326-00,종양생물학,노원상,화 12:00-13:15 (생 119(시청각실)),목 12:00-13:15 (생 119(시청각실)),3,3
GEN101-00,생물통계학,김지혜,"월 10:30-11:45 (생대 전산실(B103), 강의실(생대423))","수 10:30-11:45 (생대 전산실(B103), 강의실(생대423))",3,1
GEN101-01,생물통계학,김지혜,"월 13:30-14:45 (생대 전산실(B103), 강의실(생대423))","수 13:30-14:45 (생대 전산실(B103), 강의실(생대423))",3,1
GEN103-00,유전생명공학개론,손영숙,화 10:30-11:45 (생422),목 10:30-11:45 (생422),3,1
OMB301-00,약용소재학,이태후,목 13:30-17:15 (국경310),월 13:30-14:45 (국경103),3,3
OMB401-00,졸업논문(한방생명공학전공),배효철,- (),,0,4
OMB309-00,기능성피부소재학,이태후,화 12:00-13:15 (국경310),목 12:00-13:15 (국경310),3,4
OMB204-00,기초유기화학,백남인,월 15:00-16:15 (생423),수 15:00-16:15 (생423),3,2
OMB211-00,바이오분자생물학,배효철,화 13:30-14:45 (생423),목 13:30-14:45 (생423),3,2
OMB312-00,바이오소재분리분석학실험,이슬아,수 15:00-18:50 (국경310),화 15:00-18:40 (실험실),3,3
OMB331-00,오믹스데이터과학,최재영,화 10:30-11:45 (국경301),목 10:30-11:45 (국경301),3,3
OMB213-00,인체대사기능학1,강동호,월 09:00-10:15 (생423),수 09:00-10:15 (생423),3,2
ID3012-00,UX디자인,김유빈,금 09:00-12:50 (예305),,3,3
CSE103-00,객체지향프로그래밍,이대호,월 16:30-18:20 (전205),수 16:30-18:20 (전205),3,1
CSE103-01,객체지향프로그래밍,이대호,#NAME?,,3,1
CSE103-02,객체지향프로그래밍,최진우,화 13:00-14:50 (전211-1),목 13:00-14:50 (전211-1),3,1
CSE305-00,데이터베이스,이영구,화 15:00-16:15 (전205),목 15:00-16:15 (전205),3,3
CSE305-01,데이터베이스,김태연,화 15:00-16:15 (B06),목 15:00-16:15 (B06),3,3
SWCON103-00,디자인적사고,이승규,금 09:00-12:50 (전211-1),,3,1
CSE327-00,소프트웨어공학,김정욱,화 16:30-17:45 (B09),목 16:30-17:45 (B09),3,3
SWCON401-00,소프트웨어융합캡스톤디자인,이성원,금 15:00-17:50 (전409),,3,4
SWCON401-01,소프트웨어융합캡스톤디자인,이대호,금 15:00-17:50 (전409),,3,4
SWCON401-02,소프트웨어융합캡스톤디자인,강형엽,금 15:00-17:50 (전309),,3,4
SWCON401-03,소프트웨어융합캡스톤디자인,이원희,금 15:00-17:50 (전409),,3,4
SWCON401-04,소프트웨어융합캡스톤디자인,황효석,금 15:00-17:50 (전409),,3,4
SWCON401-05,소프트웨어융합캡스톤디자인,박상근,금 15:00-17:50 (전409),,3,4
SWCON401-06,소프트웨어융합캡스톤디자인,오승재,금 12:00-14:50 (전309),,3,4
SWCON401-07,소프트웨어융합캡스톤디자인,박제만,금 15:00-17:50 (전409),,3,4
SWCON401-08,소프트웨어융합캡스톤디자인,조명아,금 15:00-17:50 (전409),,3,4
SWCON401-09,소프트웨어융합캡스톤디자인,우탁,금 15:00-17:50 (우정원B140호),,3,4
CSE304-00,알고리즘,한치근,화 13:00-14:50 (B05),목 13:00-14:50 (B05),3,3
CSE304-01,알고리즘,한치근,월 13:00-14:50 (B09),수 13:00-14:50 (B09),3,3
SWCON201-00,오픈소스SW개발방법및도구,이성원,화 17:00-18:15 (전205),목 17:00-18:15 (전205),3,2
CSE301-00,운영체제,허선영,화 13:30-14:45 (B01),목 13:30-14:45 (B01),3,3
CSE301-01,운영체제,조진성,월 13:30-14:45 (전226),수 13:30-14:45 (전226),3,3
CSE301-02,운영체제,김범석,화 16:30-17:45 (B01),목 16:30-17:45 (B01),3,3
SWCON104-00,웹/파이선프로그래밍,이성원,월 13:00-14:50 (전205),수 13:00-14:50 (전205),3,1
SWCON104-01,웹/파이선프로그래밍,박상근,화 13:00-14:50 (전205),목 13:00-14:50 (전205),3,1
SWCON104-02,웹/파이선프로그래밍,이성원,토 09:00-12:50 (온라인),,3,1
CSE204-00,자료구조,이상훈,월 11:00-12:50 (전136),수 11:00-12:50 (전136),3,2
CSE204-01,자료구조,이상훈,월 15:00-16:50 (전137),수 15:00-16:50 (전137),3,2
CSE204-02,자료구조,박제만,월 13:00-14:50 (글405),수 13:00-14:50 (글405),3,2
SWCON402-00,졸업논문(소프트웨어융합),이원희,금 08:00-08:50 (B09),,0,4
CSE438-00,최신기술콜로키움1,진성욱,금 10:00-11:50 (전205),,2,4
SWCON366-00,3D데이터처리,황효석,월 12:00-13:15 (B01),수 12:00-13:15 (B01),3,3
CSE440-00,AIoT소프트웨어,조진성,월 16:30-17:45 (B06),수 16:30-17:45 (B06),3,4
CSE330-00,SW스타트업비즈니스,이동현,월 09:00-11:45 (글405),,3,3
SWCON495-00,강화학습,황효석,월 13:30-14:45 (전211-1),수 13:30-14:45 (전211-1),3,4
SWCON311-00,게임그래픽프로그래밍,강형엽,화 13:00-16:50 (전136),,3,3
SWCON312-00,게임인터랙티브테크놀로지,오승재,월 15:00-16:15 (B01),수 15:00-16:15 (B01),3,4
SWCON367-00,게임콘텐츠캡스톤디자인,강형엽,화 17:00-19:50 (전409),,3,3
SWCON367-01,게임콘텐츠캡스톤디자인,오승재,수 17:00-19:50 (전509),,3,3
SWCON253-00,기계학습,이원희,화 10:30-11:45 (B09),목 10:30-11:45 (B09),3,2
SWCON253-01,기계학습,김휘용,화 15:00-16:15 (B09),목 15:00-16:15 (B09),3,2
SWCON253-02,기계학습,최진우,화 16:30-17:45 (전211-1),목 16:30-17:45 (전211-1),3,2
SWCON321-00,데이터분석캡스톤디자인,이원희,목 18:00-20:50 (전309),,3,3
SWCON321-01,데이터분석캡스톤디자인,박상근,금 12:00-14:50 (전409),,3,3
SWCON321-02,데이터분석캡스톤디자인,이대호,월 18:30-21:20 (전409),,3,3
SWCON321-03,데이터분석캡스톤디자인,박제만,금 12:00-14:50 (전409),,3,3
SWCON321-04,데이터분석캡스톤디자인,조명아,월 18:00-20:50 (전309),,3,3
CSE331-00,딥러닝,Chaoning Zhang,금 09:00-11:45 (전220),,3,3
SWCON332-02,로봇·비전캡스톤디자인,조명아,금 12:00-14:50 (전509),,3,3
SWCON221-00,마이크로서비스프로그래밍,이성원,월 17:00-18:50 (B09),수 17:00-18:50 (B09),3,2
CSE442-00,블록체인,김정현,월 16:30-17:45 (전136),수 16:30-17:45 (전136),3,4
SWCON494-00,영상분석과패턴인식,이대호,월 12:00-13:15 (전137),수 12:00-13:15 (전137),3,4
CSE426-00,영상처리,김휘용,화 13:30-14:45 (전227),목 13:30-14:45 (전227),3,4
SWCON241-00,융합연구1,박제만,수 19:30-20:20 (전309),,1,2
SWCON341-00,융합연구3,조명아,수 18:30-19:20 (전309),,1,3
SWCON441-00,융합연구5,오승재,수 20:30-21:20 (전309),,1,4
SWCON372-00,응용데이터분석,박상근,월 15:00-16:15 (전103),수 15:00-16:15 (전103),3,3
CSE201-00,이산구조,정태충,화 10:30-11:45 (전205),목 10:30-11:45 (전205),3,2
CSE201-01,이산구조,정태충,월 10:30-11:45 (B09),수 10:30-11:45 (B09),3,2
SWCON491-00,인공지능과게임프로그래밍,조명아,화 09:00-10:15 (B09),목 09:00-10:15 (B09),3,3
SWCON493-00,자연언어처리,박성배,화 16:30-17:45 (B06),목 16:30-17:45 (B06),3,4
CSE423-00,정보보호,장대희,월 15:00-16:15 (전539),수 15:00-16:15 (전539),3,4
CSE302-00,컴퓨터네트워크,이성원,월 15:00-16:15 (전205),수 15:00-16:15 (전205),3,3
CSE302-01,컴퓨터네트워크,김정윤,금 09:00-11:45 (전137),,3,3
CSE302-02,컴퓨터네트워크,유인태,월 13:30-14:45 (전137),수 13:30-14:45 (전137),3,3
CSE302-03,컴퓨터네트워크,고한얼,월 10:30-11:45 (전205),수 10:30-11:45 (전205),3,3
CSE335-00,클라우드컴퓨팅,김재홍,목 09:00-11:45 (글405),,3,3
ELC471-00,테크놀로지와디지털콘텐츠,이상민,월 12:00-13:15 (우정원B140호),수 12:00-13:15 (외307(전산실)),3,4
SWCON492-00,풀스택서비스네트워킹,이성원,화 15:00-16:15 (전211-1),목 15:00-16:15 (전211-1),3,2
SWCON370-00,풀스택서비스프로그래밍,이성원,화 13:00-14:50 (B07),목 13:00-14:50 (B07),3,3
SWCON254-00,회로와신호,오승재,월 13:30-14:45 (전539),수 13:30-14:45 (전539),3,2
EE211-00,확률및랜덤변수,김정근,월 15:00-16:15 (전226),수 15:00-16:15 (전226),3,2
EE211-01,확률및랜덤변수,이계산,월 15:00-16:15 (전445),수 15:00-16:15 (전445),3,2
EE211-02,확률및랜덤변수,홍인기,화 15:00-16:15 (전220),목 15:00-16:15 (전220),3,2
EE211-03,확률및랜덤변수,송주빈,월 15:00-16:15 (전220),수 15:00-16:15 (전220),3,2
EE211-04,확률및랜덤변수,김윤희,화 15:00-16:15 (전226),목 15:00-16:15 (전226),3,2
EE211-05,확률및랜덤변수,최민석,화 15:00-16:15 (전539),목 15:00-16:15 (전539),3,2
AI3001-00,고급딥러닝,박경문,화 10:30-11:45 (B01),목 10:30-11:45 (B01),3,3
AI3002-00,인공지능과윤리,김정욱,화 15:00-16:15 (전101),목 15:00-16:15 (전101),3,3
CSE224-00,UI/UX프로그래밍,전석희,금 13:30-16:15 (전220),,3,2
CSE324-00,메타버스시스템,박광훈,월 15:00-16:15 (B06),수 15:00-16:15 (B06),3,3
CSE428-00,컴퓨터그래픽스,이승규,화 10:30-11:45 (전211-2),목 10:30-11:45 (전211-2),3,4
AI1001-00,인공지능개론,박성배,화 09:00-10:15 (전103),목 09:00-10:15 (전103),3,1
EE209-00,논리회로,박광훈,화 16:30-17:45 (B05),목 16:30-17:45 (B05),3,2
EE209-01,논리회로,정연모,화 09:00-10:15 (전226),목 09:00-10:15 (전226),3,2
EE209-02,논리회로,정연모,화 10:30-11:45 (전226),목 10:30-11:45 (전226),3,2
CSE403-00,졸업논문(컴퓨터공학전공),김휘용,화 18:30-19:20 (전205),,0,4
CSE405-00,졸업프로젝트,김휘용,금 15:00-17:45 (B09),,3,4
CSE203-00,컴퓨터구조,김정욱,화 12:00-13:15 (B09),목 12:00-13:15 (B09),3,2
CSE203-01,컴퓨터구조,박경문,화 16:30-17:45 (전103),목 16:30-17:45 (전103),3,2
CSE203-02,컴퓨터구조,김성태,화 15:00-16:15 (글405),목 15:00-16:15 (글405),3,2
CSE444-00,AIoT네트워크,김정윤,금 13:00-15:45 (전137),,3,4
CSE495-00,독립심화학습1(컴퓨터공학),김정욱,수 18:00-20:45 (전226),,3,3
CSE450-00,모바일/웹서비스프로그래밍,안기옥,화 15:00-17:45 (B07),,3,4
CSE436-00,빅데이터프로젝트,이해준,금 09:00-11:45 (B01),,3,4
EE210-00,신호와시스템,손원,월 10:30-11:45 (전220),수 10:30-11:45 (전220),3,2
EE210-01,신호와시스템,손원,화 10:30-11:45 (전445),목 10:30-11:45 (전445),3,2
EE210-02,신호와시스템,정해준,월 10:30-11:45 (전445),수 10:30-11:45 (전445),3,2
EE210-03,신호와시스템,김규헌,화 10:30-11:45 (전539),목 10:30-11:45 (전539),3,2
CSE104-00,실감미디어컴퓨팅기초,정원수,#NAME?,,3,1
CSE322-00,컴파일러,허선영,화 10:30-11:45 (B06),목 10:30-11:45 (B06),3,3
FD110-00,예술과디자인의이해,윤민희,월 09:00-10:15 (예118),수 09:00-10:15 (예118),3,1
FD110-01,예술과디자인의이해,주혜영,화 10:30-11:45 (예118),목 10:30-11:45 (예118),3,1
FD110-02,예술과디자인의이해,주혜영,화 12:00-13:15 (예118),목 12:00-13:15 (예118),3,1
FD109-00,현대미술사,윤민희,월 10:30-11:45 (예118),수 10:30-11:45 (예118),3,1
FD109-01,현대미술사,윤민희,월 12:00-13:15 (예118),수 12:00-13:15 (예118),3,1
PM2015-00,뮤직테크놀로지1,이철희,수 10:00-12:50 (예B123),,3,2
PM3016-00,작사작곡론1,손윤재,수 13:30-16:15 (예B122),,3,3
PM3016-01,작사작곡론1,김진솔,금 13:00-15:50 (예B123),,3,3
PM2018-00,재즈음악사,황덕호,금 13:00-15:50 (예118),,3,2
PM2018-01,재즈음악사,황덕호,금 16:00-18:50 (예118),,3,2
PM4015-00,졸업논문(포스트모던음악전공),한경훈,- (),,0,4
PM3027-00,포스트모던음악워크샵1,양영민,금 16:00-18:45 (예B131),,3,3
PM3027-01,포스트모던음악워크샵1,양영민,목 10:00-12:50 (예B131),,3,3
PM4021-00,락앙상블,유상일,화 17:30-21:20 (예B131),,3,4
PM1023-00,보컬앙상블&퍼포먼스1,서근영,수 13:30-17:20 (예B131),,3,1
PM1005-00,부전공실기1,신형원,화 13:30-17:20 (예B131),,3,1
PM1018-00,블루스클래스,한상도,금 11:00-14:50 (예B131),,3,1
PM3029-00,비틀즈클래스1,이두헌,월 13:30-17:20 (예B131),,3,3
PM3034-00,사운드테크놀로지1,이철희,목 16:30-19:20 (예B123),,3,3
PM4020-00,스튜디오세션앙상블1,한경훈,수 13:30-17:20 (예B203-1),,3,4
PM2026-00,싱어송라이팅클래스,홍성규,월 14:30-18:20 (예B123),,3,2
PM1003-00,앙상블1,황정관,목 17:30-21:20 (예B131),,3,1
PM1003-01,앙상블1,조석훈,월 17:30-21:20 (예B131),,3,1
PM4028-00,영화음악,박기철,목 13:30-16:20 (예B123),,3,4
PM2019-00,재즈앙상블1,정상욱,월 13:30-17:20 (예B104),,3,2
PM2019-01,재즈앙상블1,최보미,화 13:30-17:20 (예B104),,3,2
PM1021-00,재즈오케스트라공연실습1,김수환,목 13:30-14:20 (예B131),,2,1
PM2027-00,재즈오케스트라공연실습3,김수환,목 14:30-15:20 (예B131),,2,2
PM3032-00,재즈오케스트라공연실습5,김수환,목 15:30-16:20 (예B131),,2,3
PM4029-00,재즈오케스트라공연실습7,김수환,목 16:30-17:20 (예B131),,2,4
PM3024-00,재즈즉흥연주기법1,김정욱,수 09:30-13:20 (예B131),,3,3
PM1019-00,전공실기1,배장은,- (),,2,1
PM1019-01,전공실기1,송영주,- (),,2,1
PM1019-02,전공실기1,이철희,- (),,2,1
PM1019-03,전공실기1,박기철,- (),,2,1
PM1019-04,전공실기1,손윤재,- (),,2,1
PM1019-05,전공실기1,이성찬,- (),,2,1
PM1019-06,전공실기1,한상도,- (),,2,1
PM1019-07,전공실기1,서대광,- (),,2,1
PM1019-08,전공실기1,김수환,- (),,2,1
PM1019-09,전공실기1,이두헌,- (),,2,1
PM1019-10,전공실기1,김정욱,- (),,2,1
PM1019-12,전공실기1,황정관,- (),,2,1
PM1019-13,전공실기1,송슬기,- (),,2,1
PM1019-15,전공실기1,한설희,- (),,2,1
PM1019-16,전공실기1,서근영,- (),,2,1
PM1019-17,전공실기1,박호정,- (),,2,1
PM1019-19,전공실기1,정주리,- (),,2,1
PM1019-20,전공실기1,조석훈,- (),,2,1
PM2023-00,전공실기3,배장은,- (),,2,2
PM2023-01,전공실기3,송영주,- (),,2,2
PM2023-02,전공실기3,박기철,- (),,2,2
PM2023-03,전공실기3,손윤재,- (),,2,2
PM2023-04,전공실기3,이철희,- (),,2,2
PM2023-05,전공실기3,이성찬,- (),,2,2
PM2023-06,전공실기3,한상도,- (),,2,2
PM2023-07,전공실기3,서대광,- (),,2,2
PM2023-08,전공실기3,김수환,- (),,2,2
PM2023-10,전공실기3,김정욱,- (),,2,2
PM2023-12,전공실기3,황정관,- (),,2,2
PM2023-13,전공실기3,송슬기,- (),,2,2
PM2023-14,전공실기3,오경록,- (),,2,2
PM2023-15,전공실기3,한설희,- (),,2,2
PM2023-16,전공실기3,서근영,- (),,2,2
PM2023-17,전공실기3,박호정,- (),,2,2
PM2023-18,전공실기3,이규재,- (),,2,2
PM2023-20,전공실기3,조석훈,- (),,2,2
PM2023-21,전공실기3,우성민,- (),,2,2
PM3022-00,전공실기5,강지은,- (),,2,3
PM3022-01,전공실기5,송영주,- (),,2,3
PM3022-02,전공실기5,이철희,- (),,2,3
PM3022-03,전공실기5,전해일,- (),,2,3
PM3022-04,전공실기5,이성찬,- (),,2,3
PM3022-05,전공실기5,정상욱,- (),,2,3
PM3022-06,전공실기5,서대광,- (),,2,3
PM3022-07,전공실기5,김수환,- (),,2,3
PM3022-08,전공실기5,이두헌,- (),,2,3
PM3022-11,전공실기5,유상일,- (),,2,3
PM3022-12,전공실기5,서근영,- (),,2,3
PM3022-13,전공실기5,신형원,- (),,2,3
PM3022-14,전공실기5,오경록,- (),,2,3
PM3022-15,전공실기5,박호정,- (),,2,3
PM3022-16,전공실기5,신유신,#NAME?,,2,3
PM3022-17,전공실기5,이주미,- (),,2,3
PM3022-18,전공실기5,이규재,- (),,2,3
PM3022-20,전공실기5,조석훈,- (),,2,3
PM3022-21,전공실기5,우성민,- (),,2,3
PM4025-00,전공실기7,강지은,- (),,2,4
PM4025-01,전공실기7,송영주,- (),,2,4
PM4025-02,전공실기7,이철희,- (),,2,4
PM4025-03,전공실기7,전해일,- (),,2,4
PM4025-04,전공실기7,이성찬,- (),,2,4
PM4025-05,전공실기7,정상욱,- (),,2,4
PM4025-06,전공실기7,서대광,- (),,2,4
PM4025-07,전공실기7,김수환,- (),,2,4
PM4025-10,전공실기7,황정관,- (),,2,4
PM4025-12,전공실기7,신형원,- (),,2,4
PM4025-13,전공실기7,오경록,- (),,2,4
PM4025-14,전공실기7,박호정,- (),,2,4
PM4025-15,전공실기7,신유신,#NAME?,,2,4
PM4025-16,전공실기7,서근영,- (),,2,4
PM4025-19,전공실기7,이주미,- (),,2,4
PM4025-20,전공실기7,조석훈,- (),,2,4
PM3018-00,팝앙상블1,박서현,화 09:30-13:20 (예B131),,3,3
PM1016-00,재즈시창청음1,한설희,금 13:00-16:50 (예B122),,3,1
PM1016-01,재즈시창청음1,신유신,화 09:30-13:20 (예B122),,3,1
PM1012-00,재즈화성법1,전윤한,수 13:30-16:20 (예B123),,3,1
PM1012-01,재즈화성법1,배장은,목 13:30-16:20 (예B122),,3,1
PM1014-00,피아노클래스1,강지은,월 09:30-13:20 (예B122),,3,1
PM1014-01,피아노클래스1,배장은,목 09:30-13:20 (예B122),,3,1
CA2018-00,도자성형3,최정미,화 13:30-17:20 (도206),,3,2
CA3017-00,도자제품브랜드,방창현,금 09:00-12:50 (예116),,3,3
CA4001-00,SeniorProject I-A,여화선,월 13:30-17:20 (도B107),,3,4
CA4001-01,SeniorProject I-A,여화선,수 13:30-17:20 (도B107),,3,4
CA4002-00,SeniorProject I-B,방창현,월 09:00-12:50 (도B107),,3,4
CA4002-01,SeniorProject I-B,방창현,목 13:30-17:20 (예115),,3,4
CA3024-00,기초유리-Cold Working,이정원,금 13:30-17:20 (유리실),,3,3
CA2012-00,도자사,김승욱,수 13:30-16:15 (예115),,3,2
CA3022-00,도자융합스튜디오,정용현,화 13:30-17:20 (도204),,3,3
CA2019-00,물레성형응용,김호정,목 09:00-12:50 (도107),,3,2
CA2006-00,석고기법,이해정,수 09:00-12:50 (도206),,3,2
CA3018-00,소성기법연구,장다연,수 09:00-12:50 (도B107),,3,3
CA3011-00,스튜디오웨어,김승욱,목 13:30-17:20 (도B107),,3,3
CA4011-00,스튜디오창업,문희수,수 09:00-11:45 (예115),,3,4
CA2004-00,혼합매체연구,허지예,월 13:30-17:20 (도206),,3,2
CA1007-00,도자성형1,권은영,월 09:00-12:50 (도105),,3,1
CA1007-01,도자성형1,조연예,화 09:00-12:50 (도105),,3,1
CA1006-00,표현연습,이진원,수 09:00-12:50 (예116),,3,1
CA1006-01,표현연습,이정후,수 13:30-17:20 (예116),,3,1
DC417-00,졸업논문(디지털콘텐츠학),김숭현,- (),,0,4
DC201-00,3D모델링,김숭현,목 13:30-17:20 (예102),,3,2
DC201-01,3D모델링,김숭현,수 13:30-17:20 (예706),,3,2
DC331-00,3D모션그래픽스,송상욱,수 09:00-12:50 (예706),,3,3
DC301-00,3D캐릭터모델링,강태흔,화 09:00-12:50 (예706),,3,3
DC303-00,VFX제작,김상준,목 09:00-12:50 (예706),,3,3
DC332-00,가상현실디자인,강태흔,금 09:00-12:50 (예706),,3,3
DC318-00,게임디자인,정범연,화 13:30-17:20 (예705),,3,3
DC404-00,게임프로젝트,김숭현,화 13:30-17:20 (예702),,3,4
DC302-00,모션그래픽스,김혜경,수 13:30-17:20 (예704),,3,3
DC402-00,미디어디자인프로젝트,김혜경,목 13:30-17:20 (예702),,3,4
DC202-00,비주얼디자인,신선영,화 09:00-12:50 (예705),,3,2
DC207-00,사운드디자인,조남준,금 09:00-12:50 (예705),,3,2
DC205-00,스토리텔링,노재학,월 09:00-12:50 (예704),,3,2
DC205-01,스토리텔링,우제승,수 09:00-12:50 (예702),,3,2
DC219-00,애니메이션연구,장우린,월 13:30-17:20 (예706),,3,2
DC401-00,애니메이션프로젝트,장우린,수 13:30-17:20 (예702),,3,4
DC403-00,영상프로젝트,이태훈,금 13:30-17:20 (예702),,3,4
DC316-00,웹툰,박연조,금 13:30-17:20 (예706),,3,3
DC213-00,인터랙티브 미디어 디자인,최형인,목 09:00-12:50 (예705),,3,2
DC204-00,촬영기법,이태훈,화 13:30-17:20 (예704),,3,2
DC424-00,캡스톤디자인(디지털콘텐츠)1,김혜경,목 10:00-12:50 (예702),,3,4
FD116-00,콘텐츠디자인기초,최형인,목 13:30-17:20 (예705),,3,1
FD118-00,2D디자인,한정화,화 13:30-17:20 (예224),,3,1
FD101-01,드로잉,황연주,월 13:30-17:20 (예115),,3,1
FD105-00,디지털디자인,김연희,화 09:00-12:50 (예225),,3,1
ID2003-00,기초산업디자인I,박소희,화 13:30-17:20 (예306),,3,2
ID2003-01,기초산업디자인I,우병수,목 09:00-12:50 (예306),,3,2
ID3014-00,실내공간디자인1,최유식,화 09:00-12:50 (예305),,3,3
ID2013-00,조형디자인1,장광집,수 09:00-12:50 (예306),,3,2
ID2013-01,조형디자인1,김선철 / 황철호,월 13:30-17:20 (예306),,3,2
ID4012-00,졸업논문(산업디자인학전공),이동민,#NAME?,,0,4
ID2019-00,디지털입체디자인1,우병수,목 13:30-17:20 (예306),,3,2
ID2023-00,리빙제품디자인,이한각,월 09:00-12:50 (예306),,3,2
ID3013-00,모빌리티디자인1,이재현,목 13:30-17:20 (예305),,3,3
ID4017-00,미래공간디자인1,소병완,화 09:00-12:50 (예315),,3,4
ID2001-00,산업디자인사,장광집,수 13:30-17:20 (예306),,3,2
ID4019-00,산업디자인종합설계1,이동민,화 13:30-16:20 (예315),,3,4
ID4019-01,산업디자인종합설계1,김유빈,월 13:30-16:20 (예315),,3,4
ID4015-00,스마트융합디자인1,이동민,수 09:00-12:50 (예315),,3,4
ID4015-01,스마트융합디자인1,이동민,수 13:30-17:20 (예315),,3,4
ID3015-00,이노베이티브디자인1,윤상원,수 15:00-18:50 (예305),,3,3
ID4014-00,인공지능증강디자인1,김선철,목 09:00-12:50 (예315),,3,4
ID4014-01,인공지능증강디자인1,김선철,목 13:30-17:20 (예315),,3,4
FD101-02,드로잉,장광집,목 09:00-12:50 (예117),,3,1
FD105-01,디지털디자인,장주영,수 09:00-12:50 (예224),,3,1
FD112-00,산업디자인리서치,박소희,화 09:00-11:45 (예306),,3,1
FD111-01,입체디자인,심민섭,화 13:30-17:20 (예305),,3,1
FD103-00,평면디자인,김진영,수 13:30-17:20 (예224),,3,1
VID3002-00,광고디자인,박장훈,목 13:30-17:20 (예401),,3,3
VID3009-00,디자인기획과실무,신지영,화 13:30-16:20 (예401),,3,3
VID2022-00,디자인씽킹,정지연 / 김현영,수 15:30-17:20 (예401),수 13:30-15:30 (예401),3,2
VID3020-00,디자인특강,정연중 / 신소현,금 09:00-12:50 (예401),,3,3
VID3032-00,브랜드패키지디자인,박상희,월 13:30-17:20 (예401),,3,3
VID1003-00,사진1,이재용,수 09:00-12:50 (예405),,3,2
VID3034-00,사진2,이재용,수 13:30-17:20 (예405),,3,3
VID4026-00,시각디자인졸업스튜디오1,장미경,월 13:30-17:20 (예415),,3,4
VID4026-01,시각디자인졸업스튜디오1,장미경,수 13:30-17:20 (예415),,3,4
VID4027-00,시각디자인졸업스튜디오2,정지연,목 09:00-12:50 (예415),,3,4
VID4028-00,시각디자인졸업스튜디오3,김정우,금 09:00-12:50 (예415),,3,4
VID3038-00,아이덴티티디자인,한희석,목 09:00-12:50 (예401),,3,3
VID2024-00,영상과미디어,이성범,금 13:30-17:20 (예405),,3,2
VID3011-00,인터렉티브콘텐츠디자인1,김태경,금 13:30-17:20 (예224),,3,3
VID2007-00,일러스트레이션&미디어,황하석,월 09:00-12:50 (예405),,3,2
VID2007-01,일러스트레이션&미디어,한세진,월 13:30-17:20 (예405),,3,2
VID3015-00,캐릭터개발연구,한세진,월 09:00-12:50 (예401),,3,3
VID3037-00,캡스톤디자인(시각디자인학)1,김은정 / 이재용,화 14:00-17:00 (예415),,3,4
VID3037-01,캡스톤디자인(시각디자인학)1,박상희,목 13:30-15:00 (예415),목 15:00-16:20 (예415),3,4
VID2002-00,크리에이티브디자인1,이도의,화 09:00-12:50 (예405),,3,2
VID2011-00,타이포그래피,장수영,화 13:30-17:20 (예405),,3,2
VID3031-00,편집디자인,박지훈,화 09:00-12:50 (예402),,3,3
VID3031-02,편집디자인,이미나,수 09:00-12:50 (예402),,3,3
FD101-03,드로잉,김경주,목 09:00-12:50 (예115),,3,1
FD105-02,디지털디자인,정경아,수 13:30-17:20 (예225),,3,1
FD113-00,시각디자인연구,김현영,월 10:00-12:50 (예402),,3,1
FD111-02,입체디자인,김경주,목 13:30-17:20 (예117),,3,1
FD103-01,평면디자인,김은정,월 13:30-17:20 (예117),,3,1
FT1071-00,극장스태프와무대미술,봉하일,화 10:00-11:50 (예224),,1,1
FT2066-00,극장스태프와조명2,강소진,월 11:30-13:20 (예B167),,1,2
FT3080-00,세계연극사,임승태,화 13:30-16:15 (예B139),,3,3
FT2011-00,영화촬영기초,이강민,수 14:30-18:20 (예B139),,2,2
FT4075-00,제작실습1,이영석,월 18:00-21:50 (예B142),화 20:00-21:50 (예B142),3,4
FT4071-00,졸업논문(연극영화전공),이영석,- (),,0,4
FT4057-00,캡스톤디자인1(연극영화학),김재성,목 13:30-16:20 (예B139),,3,4
FT3081-00,고급시나리오창작,유은정,목 13:30-17:20 (예B167),,3,3
FT1073-00,노래해석과연기,김정민 / 손영진,금 11:30-13:20 (예B142),금 09:30-11:20 (예B142),2,1
FT3086-00,독립심화학습1(연극영화학),이영석,월 09:30-12:30 (예B166),,3,3
FT3086-01,독립심화학습1(연극영화학),이영석,월 09:30-12:30 (예B166),,3,3
FT2023-00,디지털편집실습,안준성,금 09:00-12:50 (예225),,3,2
FT2081-00,무브먼트1,정도영 / 신상락,월 13:30-16:20 (예B142),월 16:30-17:20 (예B142),2,2
FT2079-00,뮤지컬보컬3,신동아 / 이서현,화 13:30-15:20 (예B166),화 15:30-17:20 (예B166),2,2
FT2079-01,뮤지컬보컬3,이은혜,화 13:30-17:20 (예B132),,2,2
FT2070-00,뮤지컬워크숍,이나현 / 장한새,수 18:00-19:50 (예B166),수 20:00-21:50 (예B166),2,2
FT3078-00,뮤지컬융복합창작실습,김정민,금 13:30-17:20 (예B142),,2,3
FT2075-00,뮤지컬장르분석,이은혜,수 10:30-16:20 (예117),,3,2
FT2068-00,연극연기1,박종현,목 09:30-13:20 (예B164),,2,2
FT3076-00,연극연기3,권미나,금 09:30-13:20 (예B166),,2,3
FT3041-00,영상마케팅,최호진,목 09:00-12:50 (예B139),,3,3
FT3043-00,영화제작실습,이준학,금 13:30-17:20 (예B139),,3,3
FT3039-00,영화편집연구,김정호,화 13:30-17:20 (예B167),,3,3
FT4080-00,오디션테크닉,김규진 / 김상중,금 11:30-13:20 (예B132),금 09:30-11:20 (예B132),2,4
FT2076-00,초급영화이론,이효인,월 13:30-17:20 (예B139),,3,2
FT4074-00,카메라연기와촬영2,박종현,목 13:30-17:20 (예B166),,2,4
FT3035-00,현대영화이론,박진형,월 13:30-17:20 (예B167),,3,3
FT1081-00,뮤지컬보컬1,김수진 / 손영진,월 13:30-15:20 (예B166),월 15:30-17:20 (예B166),2,1
FT1075-00,연극문헌과연기,김규진,목 13:30-17:20 (예B142),,2,1
FT1003-00,영화사,김정호,금 13:30-17:20 (예B167),,3,1
FT1001-00,이미지와사운드,김재성,수 13:30-17:20 (예B167),,3,1
FT1079-00,화술1,권미나,목 09:00-12:50 (예B166),,2,1
EDU3342-G00,교과교수법(연극영화),이은혜,금 18:00-21:00 (예B132),,3,3
EDU3166-G00,교과교육론(연극영화),양윤모,화 18:00-20:50 (예B139),,3,3
TC426-00,졸업논문(의류디자인전공),김차현,- (),,0,4
TC202-00,텍스타일디자인I,이채영 / 김선하,목 10:00-13:50 (예607),,3,2
TC202-01,텍스타일디자인I,김선하,목 14:30-18:20 (예607),,3,2
TC313-00,패션스튜디오1,최정욱 / 이규선,월 09:00-10:50 (예605),월 11:00-12:50 (예605),3,3
TC313-01,패션스튜디오1,최정욱 / 이규선,월 14:00-15:50 (예605),월 16:00-17:50 (예605),3,3
TC205-00,디자인드로잉1,이경아,화 10:30-14:20 (예607),,3,2
TC324-00,비주얼머천다이징실무,양숙경,목 15:00-17:45 (예615),,2,3
TC208-00,염색및염색공예,한기창,월 09:30-13:20 (예603),,3,2
TC321-00,웨어러블테크놀로지,최정욱 / 이하은,화 14:00-15:50 (예608),화 16:00-17:50 (예608),3,3
TC427-00,의류디자인연구논문,양선정,화 10:00-13:50 (예608),,3,4
TC316-00,의류상품기획,김선하 / 양선정,수 13:50-17:40 (예607),,3,3
TC317-00,의류제품품질관리,이은혜,목 10:00-13:50 (예615),,3,3
TC209-00,직조디자인,한기창,수 09:30-13:20 (예603),,3,2
TC430-00,코디디자인,김차현,목 10:00-13:50 (예605),,3,4
TC318-00,텍스타일CAD,이채영,금 10:00-13:50 (예608),,3,3
TC319-00,텍스타일가공과디자인,한기창,화 09:30-13:20 (예603),,3,3
TC211-00,패션디자인,김차현,화 15:00-18:50 (예607),,3,2
TC433-00,포트폴리오,유선애,수 09:30-13:20 (예605),,3,4
TC433-01,포트폴리오,김차현,수 14:30-18:20 (예605),,3,4
TC434-00,홈퍼니싱스타일링,김숙현,금 10:30-13:15 (예605),,2,4
FD101-00,드로잉,이정은,화 09:00-12:50 (예115),,3,1
FD101-04,드로잉,이정은,화 13:30-17:20 (예115),,3,1
FD111-00,입체디자인,이하은,화 09:00-12:50 (예116),,3,1
FD111-03,입체디자인,김숙현,화 13:30-17:20 (예116),,3,1
EDU3343-G00,교과교수법(의상),전미연,금 14:00-16:45 (예615),,3,3
EDU3110-G00,교과교육론(의상),전미연,금 17:00-19:45 (예615),,3,3
LA213-00,조경설계1,전진현,금 09:00-12:50 (예502),,3,2
LA213-01,조경설계1,김미연,금 09:00-12:50 (예505),,3,2
LA332-00,조경설계3,김신원,목 13:30-17:20 (예502),,3,3
LA332-01,조경설계3,이하나,목 13:30-17:20 (예505),,3,3
LA420-00,졸업논문(환경조경디자인학),민병욱,- (),,0,4
LA337-00,경관의해석및재현,안동혁,화 13:30-16:15 (예505),,3,3
LA339-00,독립심화학습1(환경조경디자인학),김신원,화 17:30-20:15 (예506),,3,3
LA339-01,독립심화학습1(환경조경디자인학),민병욱,월 13:30-16:15 (예511),,3,3
LA339-02,독립심화학습1(환경조경디자인학),김신원,화 17:30-20:15 (예506),,3,3
LA339-03,독립심화학습1(환경조경디자인학),김신원,화 17:30-20:15 (예506),,3,3
LA212-00,디지털디자인미디어2,전진현,목 09:00-12:50 (예224),,3,2
LA212-01,디지털디자인미디어2,나성진,목 09:00-12:50 (예225),,3,2
LA204-00,서양조경사,황주영,월 13:30-16:15 (예118),,3,2
LA316-00,조경공학,박경의,금 13:30-16:15 (예505),,3,3
LA101-00,조경디자인랭귀지,안정명,수 13:30-17:20 (예502),,3,1
LA101-01,조경디자인랭귀지,김미래,수 13:30-17:20 (예505),,3,1
LA334-00,조경세미나1,민병욱,월 09:00-11:45 (예505),,3,3
LA216-00,조경수목학,김진오,월 09:00-11:45 (예506),,3,2
LA427-00,조경제도와정책,고하정,수 09:00-11:45 (예506),,3,4
LA428-00,캡스톤디자인1(환경조경디자인),김신원,화 13:30-17:20 (예506),,3,4
LA428-01,캡스톤디자인1(환경조경디자인),김진오,화 09:00-12:50 (예505),,3,4
LA428-02,캡스톤디자인1(환경조경디자인),민병욱,화 13:30-17:20 (예502),,3,4
LA428-03,캡스톤디자인1(환경조경디자인),전진현,화 09:00-12:50 (예506),,3,4
LA336-00,환경심리행태론,박지영,수 09:00-11:45 (예505),,3,3
FD117-00,조형아이디어,김준현,화 09:00-12:50 (예117),,3,1
FD117-01,조형아이디어,윤효선,화 13:30-17:20 (예117),,3,1
FD114-00,환경조경학의이해,우경숙,월 13:30-16:15 (예502),,3,1
EDU3184-G01,"교과교육론(식물자원,조경)",김진오,월 13:30-16:15 (예501),,3,3
ELC204-00,Critical Reading and Writing 2,Todd Christopher Mcgowan,월 16:30-17:45 (외201),수 16:30-17:45 (외201),3,2
ELC204-01,Critical Reading and Writing 2,Todd Christopher Mcgowan,화 13:30-14:45 (외201),목 13:30-14:45 (외201),3,2
ELC203-00,Speech and Discussion 2,Peggy Cho,월 12:00-13:15 (외202),수 12:00-13:15 (외202),3,2
ELC203-01,Speech and Discussion 2,Peggy Cho,화 13:30-14:45 (외202),목 13:30-14:45 (외202),3,2
ELC203-02,Speech and Discussion 2,Todd Christopher Mcgowan,화 15:00-16:15 (외201),목 15:00-16:15 (외201),3,2
ELC202-00,문화연구입문,이택광,화 10:30-11:45 (외305),목 10:30-11:45 (외305),3,2
ELC201-00,영문학입문,김상욱,월 09:00-10:15 (외306),수 09:00-10:15 (외306),3,2
ELC205-00,영어학입문,윤재학,월 10:30-11:45 (외305),수 10:30-11:45 (외305),3,2
ELC205-01,영어학입문,이한규,화 09:00-10:15 (외308),목 09:00-10:15 (외308),3,2
ELC103-00,Critical Reading and Writing 1,Todd Christopher Mcgowan,월 13:30-14:45 (외202),수 13:30-14:45 (외202),3,1
ELC103-01,Critical Reading and Writing 1,Todd Christopher Mcgowan,화 10:30-11:45 (외201),목 10:30-11:45 (외201),3,1
ELC104-00,Speech and Discussion 1,Peggy Cho,월 10:30-11:45 (외202),수 10:30-11:45 (외202),3,1
ELC481-00,비즈니스커뮤니케이션2,Peggy Cho,화 12:00-13:15 (외202),목 12:00-13:15 (외202),3,4
ELC101-00,실용영문법,강희연,금 09:00-11:45 (외401),,3,1
ELC105-00,영국역사와문화,김상욱,월 15:00-16:15 (외306),수 15:00-16:15 (외306),3,1
EDU3121-G00,교과교육론(영어),성기완,화 15:00-16:15 (외303),목 15:00-16:15 (외303),3,3
ELC400-00,졸업논문(영미문화),이택광,- (),,0,4
ELC464-00,문화특강,김지은,월 10:30-13:15 (외402),,3,4
ELC411-00,문화프로젝트(캡스톤디자인),이택광,화 13:30-16:15 (외305),,3,4
ELC253-00,세계화와다문화주의,Jason Barker,월 13:30-14:45 (외412),수 13:30-14:45 (외412),3,2
ELC354-00,영국영화연구,Jason Barker,월 15:00-16:15 (외412),수 15:00-16:15 (외412),3,3
ELC356-00,영미뮤지컬,최승연,화 13:30-16:15 (외204),,3,3
ELC359-00,영상문화와기술,심효원,금 10:30-13:15 (외402),,3,3
ELC484-00,졸업논문(영미어문),김상욱,- (),,0,4
ELC410-00,어문프로젝트(캡스톤디자인),김상욱,화 15:00-17:45 (외202),,3,4
ELC311-00,언어와사회,이한규,화 10:30-11:45 (외308),목 10:30-11:45 (외308),3,3
ELC374-00,영어교육과정과평가,성기완 / 윤서영,화 13:30-14:45 (외406),목 13:30-14:45 (외406),3,3
ELC301-00,현대영문법,윤재학,월 13:30-14:45 (외305),수 13:30-14:45 (외305),3,3
RU2103-00,러시아어문법1,Budnikova Galina Aleksandrovna,금 09:00-10:15 (외407),금 10:30-11:45 (외407),3,2
RU2103-01,러시아어문법1,Brichenkova Elena,금 09:00-10:15 (외301),금 10:30-11:45 (외301),3,2
RU4400-00,졸업논문(러시아어전공),권세은,- (),,0,4
RU2108-00,IT활용 러시아어,최행규,월 12:00-13:15 (외305),수 12:00-13:15 (외305),3,2
RU2202-00,러시아문학과사회,안지영,화 13:30-14:45 (외404),목 13:30-14:45 (외404),3,2
RU2201-00,러시아문학의이해,안병용,월 16:30-17:45 (외408(김우화 강의실)),수 16:30-17:45 (외408(김우화 강의실)),3,2
RU4305-00,러시아문화콘텐츠,최행규,화 15:00-16:15 (외302),목 15:00-16:15 (외302),3,4
RU1103-00,러시아어1,안지영,월 10:30-11:45 (외301),수 10:30-11:45 (외301),3,1
RU1103-01,러시아어1,안병용,월 10:30-11:45 (외408(김우화 강의실)),수 10:30-11:45 (외408(김우화 강의실)),3,1
RU1103-02,러시아어1,한현희,월 15:00-16:15 (외301),수 15:00-16:15 (외301),3,1
RU2304-00,러시아어문화읽기,안병용,화 16:30-17:45 (외407),목 16:30-17:45 (외407),3,2
RU1101-00,러시아어회화1,Brichenkova Elena,화 09:00-10:15 (외301),목 09:00-10:15 (외301),3,1
RU1101-01,러시아어회화1,Budnikova Galina Aleksandrovna,화 09:00-10:15 (외407),목 09:00-10:15 (외407),3,1
RU1101-02,러시아어회화1,Brichenkova Elena,월 09:00-10:15 (외301),수 09:00-10:15 (외301),3,1
RU2101-00,러시아어회화3,Budnikova Galina Aleksandrovna,화 10:30-11:45 (외407),목 10:30-11:45 (외407),3,2
RU2101-01,러시아어회화3,Brichenkova Elena,화 10:30-11:45 (외301),목 10:30-11:45 (외301),3,2
RU3101-00,러시아어회화5,Budnikova Galina Aleksandrovna,월 09:00-10:15 (외407),수 09:00-10:15 (외407),3,3
RU3202-00,러시아영상예술,최행규,월 15:00-16:15 (외401),수 15:00-16:15 (외401),3,3
RU1301-00,러시아학입문,권세은,월 13:30-14:45 (외406),수 13:30-14:45 (외406),3,1
RU4402-00,캡스톤디자인(러시아연구),권세은,화 12:00-13:15 (외402),목 12:00-13:15 (외402),3,4
RU3304-00,한국과러시아,권세은,월 10:30-11:45 (외406),수 10:30-11:45 (외406),3,3
RU4104-00,한러통번역연습,한현희,월 13:30-14:45 (외301),수 13:30-14:45 (외301),3,4
ESP351-00,스페인어B2회화,Merce Mundet Tarrago / 만틸자 산체스 카테리네,화 16:30-17:45 (외308),목 16:30-17:45 (외308),3,3
ESP437-00,졸업논문(스페인어전공),권미선,- (),,0,4
ESP318-00,라틴아메리카고대문명과원주민문화,송영복,월 12:00-13:15 (외302),수 12:00-13:15 (외302),3,3
ESP328-00,라틴아메리카붐소설,황수현,월 10:30-11:45 (외407),수 10:30-11:45 (외407),3,3
ESP334-00,미국히스패닉의세계,박정원,화 12:00-13:15 (외401),목 12:00-13:15 (외401),3,3
ESP101-00,스페인어A1문법,김찬기,월 10:30-11:45 (외201),수 10:30-11:45 (외201),3,1
ESP101-01,스페인어A1문법,권미선,화 12:00-13:15 (외204),목 12:00-13:15 (외204),3,1
ESP105-02,스페인어A1회화,Merce Mundet Tarrago / 만틸자 산체스 카테리네,화 13:30-14:45 (외308),목 13:30-14:45 (외308),3,1
ESP105-03,스페인어A1회화,송영복 / Merce Mundet Tarrago,월 13:30-14:45 (외402),수 13:30-14:45 (외402),3,1
ESP203-00,스페인어B1문법,정원석,월 10:30-11:45 (외204),수 10:30-11:45 (외204),3,2
ESP207-00,스페인어B1회화,정원석 / Merce Mundet Tarrago,월 15:00-16:15 (외402),수 15:00-16:15 (외402),3,2
ESP349-00,스페인어권도시와스토리텔링,박정원,화 13:30-14:45 (외403),목 13:30-14:45 (외403),3,3
ESP348-00,스페인어미디어번역,권미선,화 15:00-16:15 (외308),목 15:00-16:15 (외308),3,3
ESP239-00,스페인어산문강독,김찬기,월 13:30-14:45 (외304),수 13:30-14:45 (외304),3,2
ESP324-00,스페인어시와에세이,황수현,월 13:30-14:45 (외407),수 13:30-14:45 (외407),3,3
ESP333-00,스페인어작문,정원석,월 09:00-10:15 (외204),수 09:00-10:15 (외204),3,3
ESP118-00,스페인역사와문화,김선욱,금 09:00-11:45 (외303),,3,1
ESP350-00,스페인황금세기문학,권미선,화 10:30-11:45 (외306),목 10:30-11:45 (외306),3,3
ESP438-00,캡스톤디자인히스패닉세계연구,권미선,금 09:00-11:45 (외202),,3,4
ESP431-00,통상무역스페인어,임보영,월 13:30-14:45 (외405),수 13:30-14:45 (외405),3,4
EDU3341-G00,교과교수법(스페인어),김찬기,월 16:30-17:45 (외304),수 16:30-17:45 (외304),3,3
JP251-00,일본근현대문학의흐름,하타나카아이,화 16:30-17:45 (외402),목 16:30-17:45 (외402),3,2
JP231-00,일본어학의이해,이해미,월 09:00-10:15 (외305),수 09:00-10:15 (외305),3,2
JP115-00,일본현대사회와문화,김태경,화 15:00-16:15 (외402),목 15:00-16:15 (외402),3,1
JP401-00,졸업논문(일본어전공),김태경,- (),,0,4
JP376-00,동아시아미디어론,박신영,월 10:30-11:45 (외405),수 10:30-11:45 (외405),3,3
JP374-00,일본대중문화론,김태경,금 10:30-11:45 (외211),금 12:00-13:15 (외211),3,3
JP377-00,일본문학텍스트론,Teshima Takahiro,화 09:00-10:15 (외408(김우화 강의실)),목 09:00-10:15 (외408(김우화 강의실)),3,3
JP381-00,일본신화읽기,이창수,화 12:00-13:15 (외404),목 12:00-13:15 (외404),3,3
JP273-00,일본애니메이션론,김태경,화 10:30-11:45 (외405),목 10:30-11:45 (외405),3,2
JP481-00,일본어대조연구,이해미,월 10:30-11:45 (외302),수 10:30-11:45 (외302),3,4
JP411-00,일본어문서작성,Teshima Takahiro,월 13:30-14:45 (외204),수 13:30-14:45 (외204),3,4
JP213-00,일본어작문1,하타나카아이,월 16:30-17:45 (외406),수 16:30-17:45 (외406),3,2
JP233-00,일본어표현문법,조유미,화 12:00-13:15 (외211),목 12:00-13:15 (외211),3,2
JP476-00,일본역사와사상,Teshima Takahiro,화 10:30-11:45 (외408(김우화 강의실)),목 10:30-11:45 (외408(김우화 강의실)),3,4
JP211-00,중급일본어회화1,NISHINO ERIKO,월 13:30-14:45 (외201),수 13:30-14:45 (외201),3,2
JP211-01,중급일본어회화1,KITAUCHI DAITO,월 13:30-14:45 (외211),수 13:30-14:45 (외211),3,2
JP113-00,초급일본어1,조유미,화 13:30-14:45 (외211),목 13:30-14:45 (외211),3,1
JP113-01,초급일본어1,김미선,화 13:30-14:45 (외412),목 13:30-14:45 (외412),3,1
JP111-00,초급일본어회화1,KITAUCHI DAITO,월 15:00-16:15 (외211),수 15:00-16:15 (외211),3,1
JP111-01,초급일본어회화1,하타나카아이,월 15:00-16:15 (외406),수 15:00-16:15 (외406),3,1
JP111-02,초급일본어회화1,NISHINO ERIKO,월 15:00-16:15 (외201),수 15:00-16:15 (외201),3,1
JP378-00,캡스톤디자인-일본문화컨텐츠제작,이창수,금 13:30-14:45 (외202),금 15:00-16:15 (외202),3,3
JP380-00,한일문학번역과출판이론의실제,박신영,월 12:00-13:15 (외405),수 12:00-13:15 (외405),3,3
JP313-00,한일통번역연습,송경주,월 15:00-16:15 (외303),수 15:00-16:15 (외303),3,3
EDU3359-G00,교과교수법(외국어),김미선,목 16:30-17:45 (외301),목 18:00-19:15 (외301),3,3
EDU3193-G00,교과교육론(일본어),Teshima Takahiro,화 15:00-16:15 (외301),화 16:30-17:45 (외301),3,3
CHI408-00,졸업논문(중국어전공),박찬욱,- (),,0,4
CHI419-00,중국어의사소통의이해,박찬욱,화 16:30-17:45 (외412),목 16:30-17:45 (외412),3,4
CHI201-00,중국언어의이해,배재석,월 13:30-14:45 (외401),수 13:30-14:45 (외401),3,2
CHI201-01,중국언어의이해,박찬욱,월 13:30-14:45 (외403),수 13:30-14:45 (외403),3,2
CHI303-00,고급중국어회화1,WANG SIYU,화 10:30-11:45 (외302),목 10:30-11:45 (외302),3,3
CHI303-01,고급중국어회화1,LIANG YAOZHONG,화 10:30-11:45 (외304),목 10:30-11:45 (외304),3,3
CHI409-00,중국고전산문강독,노상균,화 13:30-14:45 (외306),목 13:30-14:45 (외306),3,4
CHI315-00,중국고전시가강독,노상균,월 13:30-14:45 (외306),수 13:30-14:45 (외306),3,3
CHI209-00,중국근현대사,주재우,월 10:30-11:45 (외308),수 10:30-11:45 (외308),3,2
CHI302-00,중국어문법2,박찬욱,화 15:00-16:15 (외412),목 15:00-16:15 (외412),3,3
CHI415-00,중국현대문학감상,김경석,월 10:30-11:45 (외403),수 10:30-11:45 (외403),3,4
CHI211-00,중급중국어강독,이수연,월 15:00-16:15 (외204),수 15:00-16:15 (외204),3,2
CHI203-00,중급중국어회화1,WANG SIYU,화 13:30-14:45 (외301),목 13:30-14:45 (외301),3,2
CHI203-01,중급중국어회화1,LIANG YAOZHONG,화 13:30-14:45 (외408(김우화 강의실)),목 13:30-14:45 (외408(김우화 강의실)),3,2
CHI103-02,초급중국어회화1,옥주,화 12:00-13:15 (외301),목 12:00-13:15 (외301),3,1
CHI103-03,초급중국어회화1,배규리,화 12:00-13:15 (외304),목 12:00-13:15 (외304),3,1
CHI417-00,캡스톤디자인(중국어),김경석,금 09:00-11:45 (외302),,3,4
CHI101-00,한문강독,민관동,화 15:00-16:15 (외403),목 15:00-16:15 (외403),3,2
CHI108-00,중국디지털인문정보,박찬욱,월 12:00-13:15 (외403),수 12:00-13:15 (외403),3,1
CHI108-01,중국디지털인문정보,이수연,월 12:00-13:15 (외404),수 12:00-13:15 (외404),3,1
CHI105-00,한자와한자어,문병순,월 10:30-11:45 (외211),수 10:30-11:45 (외211),3,1
CHI105-01,한자와한자어,문병순,화 10:30-11:45 (외211),목 10:30-11:45 (외211),3,1
EDU3195-G00,교과교육론(중국어),배재석,월 15:00-16:15 (외401),수 15:00-16:15 (외401),3,3
FR3011-01,고급프랑스어회화,BAILLY Manuel,화 15:00-16:15 (외304),목 15:00-16:15 (외304),3,3
FR4300-00,졸업논문(프랑스어전공),김민채,- (),,0,4
FR2011-00,중급프랑스어1,이경래,화 16:30-17:45 (외211),목 16:30-17:45 (외211),3,2
FR2011-01,중급프랑스어1,오정숙,화 16:30-17:45 (외403),목 16:30-17:45 (외403),3,2
FR3016-00,DELF2(B1),이재욱,금 15:00-16:15 (외407),금 16:30-17:45 (외407),3,3
FR4015-00,미디어프랑스어,이재욱,월 16:30-17:45 (외407),수 16:30-17:45 (외407),3,4
FR2013-00,중급프랑스어회화1,BAILLY Manuel,월 13:30-14:45 (외303),수 13:30-14:45 (외303),3,2
FR2013-01,중급프랑스어회화1,BAILLY Manuel,월 16:30-17:45 (외303),수 16:30-17:45 (외303),3,2
FR1011-00,초급프랑스어1,김기국,화 10:30-11:45 (외402),목 10:30-11:45 (외402),3,1
FR1011-01,초급프랑스어1,김민채,화 10:30-11:45 (외202),목 10:30-11:45 (외202),3,1
FR1013-00,초급프랑스어회화1,BAILLY Manuel,월 10:30-11:45 (외303),수 10:30-11:45 (외303),3,1
FR1013-01,초급프랑스어회화1,BAILLY Manuel,화 13:30-14:45 (외304),목 13:30-14:45 (외304),3,1
FR1013-02,초급프랑스어회화1,오정숙,화 13:30-14:45 (외303),목 13:30-14:45 (외303),3,1
FR3041-00,프랑스공연예술,오정숙,화 10:30-11:45 (외321(공자아카데미)),목 10:30-11:45 (외321(공자아카데미)),3,3
FR2022-00,프랑스동화읽기,이경래,화 15:00-16:15 (외211),목 15:00-16:15 (외211),3,2
FR2024-00,프랑스문학의이해,홍명희,화 10:30-11:45 (외401),목 10:30-11:45 (외401),3,2
FR4024-00,프랑스문학특강,홍명희,화 15:00-16:15 (외407),목 15:00-16:15 (외407),3,4
FR4041-00,프랑스문화콘텐츠,김기국,화 13:30-14:45 (외407),목 13:30-14:45 (외407),3,4
FR4301-00,프랑스문화탐구캡스톤디자인,홍명희,월 13:30-14:45 (외404),월 15:00-16:15 (외404),3,3
FR2041-00,프랑스어권사회와문화,김민채,월 15:00-16:15 (외304),수 15:00-16:15 (외304),3,2
FR3015-00,프랑스어글쓰기,이재욱,월 15:00-16:15 (외407),수 15:00-16:15 (외407),3,3
FR2032-00,프랑스어발음의이해,김민채,월 10:30-11:45 (외304),수 10:30-11:45 (외304),3,2
KO4301-00,졸업논문(한국어전공),김영주,- (),,0,4
KO1403-00,담화와문법,박정아,화 15:00-17:45 (외306),,3,1
KO1402-00,담화와어휘,오수진,금 13:30-16:15 (외308),,3,1
KO3101-00,대조언어학,이선웅,화 10:30-11:45 (외403),목 10:30-11:45 (외403),3,3
KO3106-00,외국어습득론,김영주,월 15:00-16:15 (외305),수 15:00-16:15 (외305),3,3
KO4201-00,한국대중문화,이철주,월 16:30-17:45 (외402),수 16:30-17:45 (외402),3,4
KO3202-00,한국문화교육론,이선이,화 10:30-11:45 (외404),목 10:30-11:45 (외404),3,3
KO1202-00,한국민속문화,염원희,월 15:00-16:15 (외308),수 15:00-16:15 (외308),3,1
KO4105-00,한국어교육실습,성아영,수 09:00-11:45 (외404),,3,4
KO3103-00,한국어말하기쓰기교육법,성아영,월 12:00-13:15 (외401),수 12:00-13:15 (외401),3,3
KO2104-00,한국어문법교육론,박동호,월 10:30-11:45 (외306),수 10:30-11:45 (외306),3,2
KO1102-00,한국어학개론,이선웅,화 09:00-10:15 (외204),목 09:00-10:15 (외204),3,1
KO4304-00,한국언어문화캡스톤디자인,김종수,화 15:00-17:45 (외404),,3,4
KO4203-00,한국여성문화,염원희,월 13:30-14:45 (외308),수 13:30-14:45 (외308),3,4
KO2501-00,한국영화읽기,김종수,화 09:00-10:15 (외404),목 09:00-10:15 (외404),3,2
KO2201-00,한국전통문화,염원희,화 13:30-14:45 (외402),목 13:30-14:45 (외402),3,2
KO2202-00,한국현대문학입문,이철주,화 12:00-13:15 (외403),목 12:00-13:15 (외403),3,2
KO1101-00,언어의이해,임우열,월 12:00-13:15 (외321(공자아카데미)),수 12:00-13:15 (외321(공자아카데미)),3,1
KO1101-01,언어의이해,임우열,월 13:30-14:45 (외321(공자아카데미)),수 13:30-14:45 (외321(공자아카데미)),3,1
FDA301-00,4D아트설치,장호,월 13:30-17:20 (예505),,3,3
FDA401-00,4D종합설계1,방창현 / 민병욱,목 09:00-12:50 (예506),,3,4
FDA202-00,자연과예술,이보형,화 09:00-11:45 (예502),,3,2
KPA303-00,K-Pop댄스,김재한,목 09:30-13:20 (예B142),,3,3
KPA201-00,K-Pop보컬테크닉,송슬기,화 09:30-13:20 (예B125),,3,2
KPA204-00,K-Pop전공실기1,김지혜,월 11:00-14:50 (예B125),,3,2
KPA305-00,K-Pop전공실기3,김지혜,화 09:00-12:50 (예B123),,3,3
KPA202-00,K-드라마화술1,박결이,수 09:30-13:20 (예B142),,3,2
KPA401-00,K-뮤지컬보컬테크닉1,이은혜,화 09:30-13:20 (예B142),,3,4
KPA301-00,랩메이킹실기,임민주,수 13:30-17:20 (예B125),,3,3
PM4005-00,뮤직비즈니스클래스1,김기덕,월 09:30-12:20 (예B123),,3,4
KPA302-00,보컬댄스테크닉,김현지,화 13:30-17:20 (예B125),,3,3
KPA1001-00,피아노반주법1,김주영,화 13:30-17:20 (예B122),,3,1
GC401-00,졸업논문(글로벌문화기술),이택광,- (),,0,4
GC401-01,졸업논문(글로벌문화기술),김태경,- (),,0,4
GC302-00,캡스톤디자인(글로벌문화컨텐츠제작),김태경,금 13:30-14:45 (외211),금 15:00-16:15 (외211),3,3
GC302-01,캡스톤디자인(글로벌문화컨텐츠제작),이택광,화 16:30-19:15 (외305),,3,4
GE4001-00,글로벌엔지니어링캡스톤디자인,정영훈,목 16:30-19:15 (공365호),,3,4
GE2001-00,융복합공학의이해,정영훈,월 12:00-13:15 (공B101호),수 12:00-13:15 (공B101호),3,2
GE402-00,졸업논문(글로벌엔지니어링융합),정영훈,토 10:00-10:50 (),,0,4
GE3001-00,공학스페인어,임보영,월 15:00-16:15 (외405),수 15:00-16:15 (외405),3,3
IM2101-00,디지털스토리텔링,우탁,화 09:00-12:50 (우정원 B140호(메타버스 스튜디오)),,3,2
IM4102-00,실감디바이스기술,전석희 / 김형석,금 09:00-11:45 (전정103호),,3,4
AT402-00,졸업논문(아트&테크놀로지),김혜경,- (),,0,4
AT301-00,뉴미디어아트,장지은,수 13:30-17:20 (예705),,3,3
AT302-00,뉴미디어테크놀로지,노연우,목 13:30-17:20 (예704),,3,3
AT401-00,뉴미디어프로젝트,조호연,화 13:30-17:20 (예706),,3,4
SPACE234-00,우주관측및실습,박수종,금 15:00-18:50 (우주과학실험실),,3,2
SPACE232-01,우주수치계산,전명원,월 15:30-17:20 (전221),수 15:30-17:20 (우주과학실험실),3,2
SPACE303-00,우주환경I,문용재,월 12:00-13:15 (전218),수 12:00-13:15 (전218),3,3
SPACE471-00,졸업논문(우주과학과),최윤영,금 - (),,0,4
SPACE201-00,천문학개론및실습1,최윤영,화 13:30-15:20 (전218),목 13:30-15:20 (우주과학실험실),3,2
SPACE301-00,천체물리학I,전명원,월 14:00-15:15 (전221),수 14:00-15:15 (전221),3,3
SPACE203-00,고등수학I,이동훈,화 11:00-12:15 (전217),목 11:00-12:15 (전217),3,2
SPACE493-00,독립심화학습1(우주과학과),전명원,금 - (),,3,3
SPACE493-01,독립심화학습1(우주과학과),박수종,금 - (),,3,3
SPACE493-02,독립심화학습1(우주과학과),박종호,금 - (),,3,3
SPACE493-03,독립심화학습1(우주과학과),진호,금 - (),,3,3
SPACE493-04,독립심화학습1(우주과학과),박종호,금 - (),,3,3
SPACE493-05,독립심화학습1(우주과학과),박수종,금 - (),,3,3
SPACE493-06,독립심화학습1(우주과학과),박수종,월 18:00-19:00 (우주과학실험실),,3,3
SPACE493-07,독립심화학습1(우주과학과),박종호,금 - (),,3,3
SPACE493-08,독립심화학습1(우주과학과),박종호,금 - (),,3,3
SPACE371-00,우주과학개론,최윤영,목 17:00-17:50 (전217),,1,2
SPACE411-00,우주유체및플라즈마물리개론,Tetsuya Magara,화 13:30-14:45 (전217),목 13:30-14:45 (전217),3,4
SPACE212-00,우주전자기개론,김관혁,월 10:30-11:45 (전217),수 10:30-11:45 (전217),3,2
SPACE221-00,우주전자기초및실험,진호,화 09:00-10:50 (전217),목 09:00-10:50 (우주과학실험실),3,2
SPACE211-00,태양계탐사,김성수,월 14:00-15:15 (전217),수 14:00-15:15 (전217),3,2
APHY3403-00,반도체물성및공정실험,김선경,목 09:00-12:50 (물성물리실험실),,2,3
APHY3100-00,양자역학I,이호선,화 12:00-13:15 (전219),목 12:00-13:15 (전219),3,3
APHY2100-00,역학,이종수,월 13:30-14:45 (전218),목 13:30-14:45 (전218),3,2
APHY3600-00,전자기학Ⅱ,임대영,화 13:30-14:45 (전219),목 13:30-14:45 (전219),3,3
APHY3201-00,전자회로개론실험,김민수,금 09:00-12:50 (전자물리실험실),,2,3
APHY4000-00,졸업논문(응용물리학과),이광조,금 17:00-17:50 (전219),,0,4
APHY2105-00,현대물리실험,이광조,금 09:00-12:50 (현대물리실험실(암실)),,2,2
APHY2102-00,수리물리I,이민철,월 10:30-11:45 (전219),수 10:30-11:45 (전219),3,2
APHY3612-00,양자컴퓨팅,이민철,화 10:30-11:45 (전218),목 10:30-11:45 (전218),3,3
APHY2605-00,응용물리세미나I,김민수,수 17:00-18:15 (전211-2),,1,2
APHY4400-00,응집물질물리Ⅰ,이성훈,월 13:30-14:45 (전219),수 13:30-14:45 (전219),3,3
APHY3602-00,푸리에광학,이광조,월 12:00-13:15 (전219),수 12:00-13:15 (전219),3,3
APHY2104-00,현대물리,임대영,화 10:30-11:45 (전219),목 10:30-11:45 (전219),3,2
APHY1100-00,물리학실험I,이민철,화 13:00-14:50 (멀305),,1,1
APHY1100-01,물리학실험I,김선경,화 13:00-14:50 (멀306),,1,1
APHY1100-02,물리학실험I,송현욱,수 11:00-12:50 (멀305),,1,1
EDU3131-G00,교과교육론(물리),송현욱,월 16:00-17:15 (전218),수 16:00-17:15 (전218),3,3
AMTH3003-00,미분기하학,김경수,화 10:30-11:45 (전223),목 10:30-11:45 (전223),3,3
AMTH2010-00,해석학1,박준표,월 10:30-11:45 (전101),수 10:30-11:45 (전101),3,2
AMTH3013-00,현대대수학I,김정산,화 13:30-14:45 (전221),목 13:30-14:45 (전221),3,3
AMTH2013-00,확률통계및응용,전준기,월 13:30-14:45 (전102),수 13:30-14:45 (전102),3,2
AMTH4007-00,기계학습을위한수학,김경수,화 12:00-13:15 (전223),목 12:00-13:15 (전223),3,4
AMTH3029-00,복소함수및응용,박준표,월 09:00-10:15 (전101),수 09:00-10:15 (전101),3,3
AMTH2004-00,수리프로그래밍,김경수,화 09:00-10:15 (전223),목 09:00-10:15 (전223),3,2
AMTH1010-00,응용선형대수특강,최선호,화 12:00-13:15 (전221),목 12:00-13:15 (전221),3,2
AMTH4018-00,최적화이론,김정호,월 10:30-11:45 (전221),수 10:30-11:45 (전221),3,4
AMTH3028-00,편미분방정식,김정호,월 09:00-10:15 (전221),수 09:00-10:15 (전221),3,4
EDU3336-G00,교과교수법(수학),이경희,화 13:30-16:15 (전223),,3,4
EDU3137-G00,교과교육론(수학),이경희,목 15:00-17:45 (전223),,3,3
APCH3401-00,무기화학I,김병곤,월 13:30-14:45 (공146호),수 13:30-14:45 (공146호),3,3
APCH3401-01,무기화학I,김병곤,월 16:30-17:45 (공146호),수 16:30-17:45 (공146호),3,3
APCH2303-00,분석화학실험,강성호,금 09:00-12:50 (공458(분석화학실험실)),,2,2
APCH2303-01,분석화학실험,강성호,금 13:30-17:20 (공458(분석화학실험실)),,2,2
APCH2303-02,분석화학실험,양성익,수 13:30-17:20 (공458(분석화학실험실)),,2,2
APCH4600-00,졸업논문(응용화학과),유은정,토 20:00-21:15 (공146호),,0,4
APCH2104-00,기초물리화학,이영식,월 13:30-14:45 (공165호),수 13:30-14:45 (공165호),3,2
APCH4601-00,나노융합소재연구,김용호,화 18:00-23:50 (공142-1호),,3,4
APCH4605-00,독립심화학습1(응용화학과),김민호,금 - (),,3,4
APCH4605-01,독립심화학습1(응용화학과),김민호,금 - (),,3,4
APCH4401-00,무기소재과학,변송호,월 15:00-16:15 (공B105호),수 15:00-16:15 (공B105호),3,4
APCH4607-00,물리유기화학,강은주,월 16:30-17:45 (공B105호),수 16:30-17:45 (공B105호),3,4
APCH2101-00,물리화학I,김용호,화 13:30-14:45 (공146호),목 13:30-14:45 (공146호),3,2
APCH2101-01,물리화학I,김용호,화 16:30-17:45 (공146호),목 16:30-17:45 (공146호),3,2
APCH3101-00,반응속도론,김용호,월 15:00-16:15 (공146호),수 15:00-16:15 (공146호),3,3
APCH2301-00,분석화학입문,강성호,월 09:00-10:15 (공146호),수 09:00-10:15 (공146호),3,2
APCH2301-01,분석화학입문,강성호,월 10:30-11:45 (공146호),수 10:30-11:45 (공146호),3,2
APCH3501-00,생화학I,김광표,월 10:30-11:45 (멀204),수 10:30-11:45 (멀204),3,3
APCH3403-00,신소재과학실험,이민형,화 15:00-18:50 (물리화학실험실),,2,3
APCH3403-01,신소재과학실험,이민형,목 15:00-18:50 (물리화학실험실),,2,3
APCH4204-00,유기및생화학연구,양성익 / 강은주,수 18:00-23:50 (공146호),,3,4
APCH3301-00,유기분광분석,양성익,화 09:00-10:15 (공146호),목 09:00-10:15 (공146호),3,3
APCH2202-00,유기화학I,강은주,화 15:00-16:15 (공146호),목 15:00-16:15 (공146호),3,2
APCH2202-01,유기화학I,유은정,화 10:30-11:45 (공146호),목 10:30-11:45 (공146호),3,2
APCH3606-00,유기화학III,강경태,월 12:00-13:15 (공146호),수 12:00-13:15 (공146호),3,3
APCH3601-00,응용화학개론,유은정,화 12:00-13:15 (공146호),,1,3
APCH4603-00,응용화학캡스톤디자인,양성익,월 18:00-21:50 (공148호),,3,4
APCH4603-01,응용화학캡스톤디자인,김광표,수 18:00-21:50 (공148호),,3,4
APCH4603-02,응용화학캡스톤디자인,강경태,월 18:00-21:50 (공146호),,3,4
EDU3141-G00,교과교육론(화학),변송호,수 18:00-20:45 (공B105호),월 09:00-10:15 (멀403),3,3
ENV171-00,생물학및실험1,장광현,수 13:00-14:50 (멀512),금 13:00-14:50 (멀302),3,1
ENV171-01,생물학및실험1,장광현,수 13:00-14:50 (멀512),금 15:00-16:50 (멀302),3,1
BIO101-00,생물1,김기영,화 09:00-10:15 (국경108),목 09:00-10:15 (국경108),3,1
BIO101-01,생물1,조만호,월 15:00-16:15 (국경305),수 15:00-16:15 (국경305),3,1
BIO101-02,생물1,배효철,월 10:30-11:45 (국경103),수 10:30-11:45 (국경103),3,1
BIO101-03,생물1,강창중,화 09:00-10:15 (국경301),목 09:00-10:15 (국경301),3,1
BIO101-04,생물1,하선화,월 09:00-10:15 (국경305),수 09:00-10:15 (국경305),3,1
BIO101-05,생물1,이상원,화 13:30-14:45 (국경305),목 13:30-14:45 (국경305),3,1
BIO103-00,일반생물,김세영,화 09:00-10:30 (생424),목 09:00-10:30 (생424),3,1
BIO103-01,일반생물,김세영,화 10:30-11:45 (생424),목 10:30-11:45 (생424),3,1
BIO103-02,일반생물,이상원,월 16:30-17:45 (국경305),수 16:30-17:45 (국경305),3,1
AMTH1009-00,미분적분학,김병학,월 10:30-11:45 (전223),수 10:30-11:45 (전223),3,1
AMTH1009-01,미분적분학,김병학,월 13:30-14:45 (전101),수 13:30-14:45 (전101),3,1
AMTH1009-02,미분적분학,최용빈,월 15:00-16:15 (전101),수 15:00-16:15 (전101),3,1
AMTH1009-03,미분적분학,최용빈,월 16:30-17:45 (전101),수 16:30-17:45 (전101),3,1
AMTH1009-04,미분적분학,홍범일,월 09:00-10:15 (국경311),수 09:00-10:15 (국경311),3,1
AMTH1009-05,미분적분학,홍범일,월 10:30-11:45 (전102),수 10:30-11:45 (전102),3,1
AMTH1009-06,미분적분학,김관혁,월 15:00-16:15 (전223),수 15:00-16:15 (전223),3,1
AMTH1009-07,미분적분학,전준기,월 10:30-11:45 (멀112),수 10:30-11:45 (멀112),3,1
AMTH1009-08,미분적분학,전준기,월 12:00-13:15 (멀112),수 12:00-13:15 (멀112),3,1
AMTH1009-09,미분적분학,남윤,화 09:00-10:15 (전101),목 09:00-10:15 (전101),3,1
AMTH1009-10,미분적분학,남윤,화 10:30-11:45 (전101),목 10:30-11:45 (전101),3,1
AMTH1009-11,미분적분학,김원주,화 12:00-13:15 (전101),목 12:00-13:15 (전101),3,1
AMTH1009-12,미분적분학,김원주,화 13:30-14:45 (전101),목 13:30-14:45 (전101),3,1
AMTH1009-13,미분적분학,나광수,화 09:00-10:15 (전102),목 09:00-10:15 (전102),3,1
AMTH1009-14,미분적분학,나광수,화 10:30-11:45 (전102),목 10:30-11:45 (전102),3,1
AMTH1009-15,미분적분학,박정주,화 15:00-16:15 (전102),목 15:00-16:15 (전102),3,1
AMTH1009-16,미분적분학,박정주,화 16:30-17:45 (전102),목 16:30-17:45 (전102),3,1
AMTH1009-17,미분적분학,김정산,화 10:30-11:45 (전221),목 10:30-11:45 (전221),3,1
AMTH1009-18,미분적분학,남윤,화 12:00-13:15 (국B101호 Stair-like Lecture Room (계단강의실)),목 12:00-13:15 (국B101호 Stair-like Lecture Room (계단강의실)),3,1
AMTH1009-19,미분적분학,최선호,화 13:30-14:45 (국B101호 Stair-like Lecture Room (계단강의실)),목 13:30-14:45 (국B101호 Stair-like Lecture Room (계단강의실)),3,1
AMTH1009-20,미분적분학,남궁윤미,화 15:00-16:15 (전217),목 15:00-16:15 (전217),3,1
AMTH1009-21,미분적분학,김원주,화 16:30-17:45 (국B101호 Stair-like Lecture Room (계단강의실)),목 16:30-17:45 (국B101호 Stair-like Lecture Room (계단강의실)),3,1
AMTH1009-22,미분적분학,차준심,금 09:00-11:45 (전101),,3,1
AMTH1009-23,미분적분학,차준심,금 13:30-16:15 (전101),,3,1
AMTH1009-24,미분적분학,김수현,금 09:00-11:45 (전102),,3,1
AMTH1009-25,미분적분학,김수현,금 13:30-16:15 (전102),,3,1
AMTH1009-26,미분적분학,신혜선,금 09:00-11:45 (전221),,3,1
AMTH1009-27,미분적분학,신혜선,금 12:00-14:45 (전221),,3,1
AMTH1009-28,미분적분학,손수진,금 09:00-11:45 (멀107),,3,1
AMTH1009-29,미분적분학,손수진,금 12:00-14:45 (멀107),,3,1
AMTH1009-30,미분적분학,박정준,월 09:00-10:15 (멀404),수 09:00-10:15 (멀404),3,1
AMTH1009-31,미분적분학,박정준,월 10:30-11:45 (멀406),수 10:30-11:45 (멀406),3,1
AMTH1004-00,선형대수,박준표,월 12:00-13:15 (전101),수 12:00-13:15 (전101),3,1
AMTH1004-01,선형대수,김현수,월 15:00-16:15 (전102),수 15:00-16:15 (전102),3,1
AMTH1004-02,선형대수,김현수,월 16:30-17:45 (전102),수 16:30-17:45 (전102),3,1
AMTH1004-03,선형대수,배재형,월 09:00-10:15 (멀107),수 09:00-10:15 (멀107),3,1
AMTH1004-04,선형대수,배재형,월 10:30-11:45 (멀107),수 10:30-11:45 (멀107),3,1
AMTH1004-05,선형대수,남궁윤미,화 12:00-13:15 (전102),목 12:00-13:15 (전102),3,1
AMTH1004-06,선형대수,남궁윤미,화 13:30-14:45 (전102),목 13:30-14:45 (전102),3,1
AMTH1004-07,선형대수,박명진,화 10:30-11:45 (멀107),목 10:30-11:45 (멀107),3,1
AMTH1004-08,선형대수,이진,화 13:30-14:45 (멀107),목 13:30-14:45 (멀107),3,1
AMTH1004-09,선형대수,이진,화 15:00-16:15 (멀107),목 15:00-16:15 (멀107),3,1
AMTH1004-10,선형대수,이진,화 09:00-10:15 (국B101호 Stair-like Lecture Room (계단강의실)),목 09:00-10:15 (국B101호 Stair-like Lecture Room (계단강의실)),3,1
AMTH1004-11,선형대수,최선호,화 10:30-11:45 (국B101호 Stair-like Lecture Room (계단강의실)),목 10:30-11:45 (국B101호 Stair-like Lecture Room (계단강의실)),3,1
AMTH1005-00,통계학,백옥분,월 13:30-14:45 (멀107),수 13:30-14:45 (멀107),3,1
AMTH1005-01,통계학,백옥분,월 15:00-16:15 (멀107),수 15:00-16:15 (멀107),3,1
APCH1131-00,일반화학,이현주,화 15:00-16:15 (멀204),목 15:00-16:15 (멀204),3,1
APCH1131-01,일반화학,이현주,화 16:30-17:45 (멀204),목 16:30-17:45 (멀204),3,1
APCH1131-02,일반화학,이병노,월 15:00-16:15 (멀404),수 15:00-16:15 (멀404),3,1
APCH1131-03,일반화학,이병노,월 16:30-17:45 (멀404),수 16:30-17:45 (멀404),3,1
APCH1131-04,일반화학,최혁준,금 09:00-11:45 (멀403),,3,1
APCH1131-05,일반화학,최혁준,금 12:00-14:45 (멀403),,3,1
APCH1121-00,화학1,심지혜,화 12:00-13:15 (공148호),목 12:00-13:15 (공148호),3,1
APCH1121-01,화학1,심지혜,금 10:30-13:15 (공146호),,3,1
APCH1121-02,화학1,오영호,금 09:00-11:45 (국경301),,3,1
APCH1121-03,화학1,오영호,금 13:00-15:45 (멀210),,3,1
APCH1121-04,화학1,박성훈,금 09:00-11:45 (국경311),,3,1
APCH1121-05,화학1,박성훈,금 13:00-15:45 (국경311),,3,1
APCH1121-06,화학1,전우진,월 10:30-11:45 (공149호),수 10:30-11:45 (공149호),3,1
APCH1101-00,화학및실험1,변송호,월 10:30-12:20 (멀404),수 10:30-12:20 (멀308),3,1
APCH1101-01,화학및실험1,변송호,월 10:30-12:20 (멀404),수 10:30-12:20 (멀309),3,1
APCH1101-02,화학및실험1,안광현,화 10:30-12:20 (멀404),목 10:30-12:20 (멀308),3,1
APCH1101-03,화학및실험1,안광현,화 10:30-12:20 (멀404),목 10:30-12:20 (멀309),3,1
APCH1101-04,화학및실험1,유은정,월 13:00-14:50 (멀404),수 13:00-14:50 (멀308),3,1
APCH1101-05,화학및실험1,유은정,월 13:00-14:50 (멀404),수 13:00-14:50 (멀309),3,1
APCH1101-06,화학및실험1,안광현,화 13:00-14:50 (멀404),목 13:00-14:50 (멀308),3,1
APCH1101-07,화학및실험1,안광현,화 13:00-14:50 (멀404),목 13:00-14:50 (멀309),3,1
BME316-00,신경생리학,김태성,화 15:00-16:15 (전103),목 15:00-16:15 (전103),3,3
BME211-00,의공생명과학,박경모,월 13:30-14:45 (전220),수 13:30-14:45 (전220),3,2
BME203-00,전자기학,이수열,월 09:00-10:15 (B09),수 09:00-10:15 (B09),3,2
BME411-00,졸업논문(생체의공학),이상민,토 12:00-13:00 (),,0,4
BME314-00,독립심화학습1(생체의공학과),박기주,토 09:00-11:45 (전227),,3,3
BME423-00,머신러닝및패턴인식개론,김태성,화 10:30-11:45 (B05),목 10:30-11:45 (B05),3,4
BME420-00,바이오울트라소닉스,박기주,월 15:00-16:15 (전227),수 15:00-16:15 (전227),3,4
BME302-00,생체계측,이진석,화 12:00-13:15 (전227),목 12:00-13:15 (전227),3,3
BME415-00,생체시스템제어,이상민,화 16:30-17:45 (전227),목 16:30-17:45 (전227),3,4
BME303-00,응용전자회로,변경민,화 10:30-11:45 (전227),목 10:30-11:45 (전227),3,3
BME304-00,응용전자회로실험,변경민,금 09:00-12:50 (바이오메디칼 창의랩),,2,3
BME416-00,의료기기법규와인증,한승무,월 16:30-17:45 (전539),수 16:30-17:45 (전539),3,4
BME403-00,의료영상시스템,이수열,월 13:30-14:45 (전445),수 13:30-14:45 (전445),3,4
BME412-00,창의적종합설계(생체의공학),이진석,월 20:00-22:45 (전227),,3,4
BME412-01,창의적종합설계(생체의공학),김태성,월 20:00-22:45 (전445),,3,4
BME412-03,창의적종합설계(생체의공학),조민형,화 20:00-22:45 (전103),,3,4
BME412-05,창의적종합설계(생체의공학),한승무,월 20:00-22:45 (전136),,3,4
BME412-06,창의적종합설계(생체의공학),변경민,화 20:00-22:45 (전539),,3,4
BME412-08,창의적종합설계(생체의공학),이수열,화 20:00-22:45 (전226),,3,4
BME412-09,창의적종합설계(생체의공학),박기주,목 20:00-22:45 (전227),,3,4
BME412-10,창의적종합설계(생체의공학),이상민,목 20:00-22:45 (전103),,3,4
BME305-00,컴퓨터구조및응용,조민형,월 10:30-11:45 (전227),수 10:30-11:45 (전227),3,3
BME204-00,공학수학2,이상민,월 16:30-17:45 (전227),수 16:30-17:45 (전227),3,2
BME213-03,기초프로그래밍,조민형,화 09:00-10:15 (B06),목 09:00-10:15 (B06),3,2
BME213-04,기초프로그래밍,조민형,화 13:30-14:45 (B06),목 13:30-14:45 (B06),3,2
EE212-00,Adventure Design,최민석,금 09:00-11:45 (B09),,3,2
EE207-00,기초회로실험,윤상웅,금 09:00-12:50 (전208),,2,2
EE207-01,기초회로실험,윤상웅,금 13:30-17:20 (전208),,2,2
EE207-02,기초회로실험,김대원,월 13:30-17:20 (전208),,2,2
EE207-03,기초회로실험,이승현,화 13:30-17:20 (전208),,2,2
EE203-00,물리전자,이종욱,금 13:30-14:45 (전226),금 16:30-17:45 (전226),3,2
EE203-01,물리전자,박욱,금 13:30-16:15 (전445),,3,2
EE203-02,물리전자,이응규,수 13:30-14:45 (전103),금 13:30-14:45 (전103),3,2
EE201-00,전자기학I,이범선,월 09:00-10:15 (전539),수 09:00-10:15 (전539),3,2
EE201-01,전자기학I,김상혁,월 09:00-10:15 (전445),수 09:00-10:15 (전445),3,2
EE201-02,전자기학I,이응규,월 09:00-10:15 (전220),수 09:00-10:15 (전220),3,2
EE201-03,전자기학I,백운식,화 09:00-10:15 (전220),목 09:00-10:15 (전220),3,2
EE201-04,전자기학I,이수열,화 09:00-10:15 (전227),목 09:00-10:15 (전227),3,2
EE201-05,전자기학I,이승환,화 09:00-10:15 (전445),목 09:00-10:15 (전445),3,2
EE206-00,전자회로I,윤상웅,월 09:00-10:15 (전226),수 09:00-10:15 (전226),3,3
EE206-01,전자회로I,최우준,화 13:30-14:45 (전539),목 13:30-14:45 (전539),3,3
EE206-02,전자회로I,김창우,화 09:00-10:15 (전211-1),목 09:00-10:15 (전211-1),3,3
EE206-03,전자회로I,임영현,월 15:00-16:15 (전136),수 15:00-16:15 (전136),3,3
EE486-00,졸업논문(전자공학전공),정해준,수 18:30-21:45 (전205),,0,4
EE202-00,회로이론,최우준,화 10:30-11:45 (전136),목 10:30-11:45 (전136),3,2
EE202-01,회로이론,김창우,화 10:30-11:45 (전211-1),목 10:30-11:45 (전211-1),3,2
EE202-02,회로이론,임영현,월 10:30-11:45 (전226),수 10:30-11:45 (전226),3,2
EE343-00,DSP실험,최기호,수 13:30-17:20 (전211-3),,2,3
EE463-00,VLSI설계,홍상훈,화 15:00-16:15 (전445),목 15:00-16:15 (전445),3,4
EE421-00,광전자공학,유재수,월 10:30-11:45 (전103),수 10:30-11:45 (전103),3,4
EE342-00,디지털신호처리,손원,화 16:30-17:45 (전220),목 16:30-17:45 (전220),3,3
EE342-01,디지털신호처리,김원하,화 16:30-17:45 (전226),목 16:30-17:45 (전226),3,3
EE342-02,디지털신호처리,김규헌,화 16:30-17:45 (전445),목 16:30-17:45 (전445),3,3
EE362-00,디지털집적회로모델링실험,박정환,목 13:30-17:20 (디지털회로실험실),,2,3
EE341-00,디지털통신,이계산,화 12:00-13:15 (전220),목 12:00-13:15 (전220),3,3
EE341-01,디지털통신,송주빈,월 12:00-13:15 (전220),수 12:00-13:15 (전220),3,3
EE341-02,디지털통신,김윤희,월 12:00-13:15 (전445),수 12:00-13:15 (전445),3,3
EE341-03,디지털통신,홍인기,화 12:00-13:15 (전226),목 12:00-13:15 (전226),3,3
EE361-00,디지털회로설계및언어,홍상훈,금 10:30-13:15 (전445),,3,3
EE361-01,디지털회로설계및언어,최승규,월 15:00-16:15 (B09),수 15:00-16:15 (B09),3,3
EE364-00,마이크로프로세서,김동한,화 10:30-11:45 (전220),목 10:30-11:45 (전220),3,3
EE371-00,머신러닝개론,김정근,화 12:00-13:15 (전445),목 12:00-13:15 (전445),3,3
EE443-00,무선데이타통신,고한얼,월 16:30-17:45 (전226),수 16:30-17:45 (전226),3,4
EE321-00,반도체공학,김대원,화 13:30-14:45 (B09),목 13:30-14:45 (B09),3,3
EE321-01,반도체공학,유재수,수 15:00-16:15 (전211-1),금 15:00-16:15 (전211-1),3,3
EE321-02,반도체공학,이승현,월 10:30-11:45 (전211-1),수 10:30-11:45 (전211-1),3,3
EE496-00,반도체집적회로,이종욱,화 13:30-14:45 (전445),목 13:30-14:45 (전445),3,4
EE370-00,소프트웨어랩,최기호,화 09:00-12:50 (B07),,2,3
EE444-00,영상신호처리,김원하,화 10:30-11:45 (전103),목 10:30-11:45 (전103),3,4
EE442-00,이동통신,이계산,화 16:30-17:45 (전539),목 16:30-17:45 (전539),3,4
EE363-00,자동제어,김동한,화 13:30-14:45 (전226),목 13:30-14:45 (전226),3,3
EE204-00,전자기학II,백운식,화 13:30-14:45 (전220),목 13:30-14:45 (전220),3,2
EE366-00,전자회로실험,김창우,수 09:00-12:50 (전208),,2,3
EE324-00,전파통신실험,김상혁,목 09:00-12:50 (전333(전파공학실험실)),,2,3
EE213-00,객체지향프로그래밍및실습,서덕영,월 13:00-14:50 (전227),수 13:00-14:50 (전227),3,2
EE213-01,객체지향프로그래밍및실습,정해준,월 16:30-18:20 (B01),수 16:30-18:20 (B01),3,2
CPE107-01,스포츠심리학,신연지,수 13:30-16:15 (체206호),,3,1
CPE107-02,스포츠심리학,범철호,월 13:00-15:45 (체304호),목 15:00-17:45 (체307호),3,1
GI208-00,골프통계,범철호,화 15:00-17:45 (체309호),,3,2
GI207-00,글로벌스포츠경영,이정학,월 15:00-16:15 (체307호),수 15:00-16:15 (체307호),3,3
GI303-01,스포츠마케팅,이정학,월 10:30-11:45 (체308호),수 10:30-11:45 (체308호),3,3
GI400-01,졸업논문(골프경영학전공),범철호,토 08:00-08:50 (체105호),,0,4
GI102-01,골프룰판례및에티켓,장재관,월 13:00-15:45 (체306호),,3,1
GI201-02,골프산업,이지혜,수 16:30-19:15 (체308호),,3,2
GI411-00,골프상해와재활,이준희,목 09:00-11:45 (체307호),,3,4
GI103-01,골프스윙실습1,김경자,월 13:00-14:50 (교외 골프연습장),수 13:00-14:50 (교외 골프연습장),2,1
GI103-02,골프스윙실습1,송상규,월 13:00-14:50 (교외 골프연습장),수 13:00-14:50 (교외 골프연습장),2,1
GI317-00,골프영양및컨디셔닝,황든솔,월 09:00-10:15 (체205호),수 09:00-10:15 (체205호),3,3
GI302-01,골프장전문관리학I,박재용,월 16:30-19:15 (체206호),,3,3
GI404-01,골프전문피트니스,조현호,금 13:30-16:15 (체206호),,3,4
GI209-00,골프컨텐츠개발및창업,정재욱,화 09:00-11:45 (체206호),,3,2
GI105-01,골프클럽제작과피팅,하정훈,목 09:00-11:45 (체206호),,3,1
GI308-00,스포츠와법,범철호,목 15:00-17:45 (체206호),,3,3
GI205-01,토너먼트2,장재관,금 09:00-12:50 (교외골프장),,2,2
GI306-01,토너먼트4,이정학,금 09:00-12:50 (교외골프장),화 18:00-21:30 (체306호),2,3
SM208-01,기능해부학,왕준식,화 09:00-10:15 (체310호),목 09:00-10:15 (체310호),3,1
SM201-00,운동생리학,김정현,화 15:00-16:15 (체305호),목 15:00-16:15 (체305호),3,1
SM2011-00,운동손상,박지홍,월 13:00-15:45 (체310호),,3,1
SM424-00,졸업논문(스포츠의학전공),김정현,화 08:00-08:50 (체105호),,0,4
SM208-02,기능해부학,오성민,수 12:00-14:45 (체307호),,3,1
SM331-00,노인스포츠,한범석,금 13:30-15:20 (체305호),,2,3
SM333-00,도핑과에르고제닉스의과학,박현,화 09:00-11:45 (체308호),,3,3
SM327-01,독립심화학습1(스포츠의학과),길재호,금 15:30-18:15 (교수연구실),,3,3
SM327-02,독립심화학습1(스포츠의학과),박지홍,금 15:30-18:15 (교수연구실),,3,3
SM327-03,독립심화학습1(스포츠의학과),김정현,금 15:30-18:15 (교수연구실),,3,3
SM207-00,병태생리학,김미지,목 10:30-13:15 (체306호),일 13:00-14:50 (),3,2
SM330-00,스포츠마사지실습,성기석,목 09:00-10:50 (체106호),,1,3
SM321-00,스포츠의공학,박기주,월 09:00-11:45 (체306호),,3,3
SM335-00,스포츠테이핑실습,성기석,목 13:00-14:50 (체205호),,1,3
SM332-00,심폐소생술,문영재,화 17:00-18:50 (체B120호),,1,3
SM2011-01,운동손상,길재호,월 16:00-18:45 (체 310호),,3,2
SM320-00,운동손상평가,오성민,수 09:00-11:45 (체206호),,3,3
SM301-00,운동처방론,김미지,목 15:00-17:45 (체306호),,3,3
SM420-00,임상실습1,왕준식,토 13:00-14:50 (체308호),,2,4
SM328-00,임상역학,왕준식,화 13:30-14:45 (체310호),목 13:30-14:45 (체310호),3,3
SM336-00,저항운동과컨디셔닝,박지홍,화 13:00-14:50 (체 308호),,2,3
SM425-00,환경운동생리학,김정현,목 10:30-12:20 (체304호),,2,4
SC303-01,스포츠사회학,장주선,수 18:00-20:25 (체306호),,3,3
SC303-02,스포츠사회학,장주선,월 18:00-20:25 (체205호),,3,3
SC404-01,운동역학,류재균,화 09:00-11:45 (체105호),,3,4
SC404-02,운동역학,류재균,목 09:00-11:45 (체105호),,3,4
SC400-01,졸업논문(스포츠지도전공),이준희,토 08:00-08:50 (체105호),,0,4
SC308-01,코칭론,오채윤,월 13:00-15:45 (체205호),,3,3
SC308-02,코칭론,오채윤,화 13:00-15:45 (체205호),,3,3
SC101-01,검도,한송이,월 10:00-11:50 (체201호),,1,1
SC301-01,댄스스포츠,윤지인,목 16:00-17:50 (체B101호),,1,3
SC318-00,디지털헬스케어의이해,신연지,수 10:00-12:45 (체309호),,3,3
SC402-00,생활체육론,정주나,수 18:00-20:25 (체307호),,3,4
SC311-00,선수상해예방실습교육론,이준희,화 09:00-11:45 (체307호),,3,3
SC206-01,선수체력관리,정현철,화 09:00-12:50 (체306호),,3,2
SC317-00,성장기스포츠과학과건강,정현철,목 09:00-11:45 (체308호),,3,3
SC310-00,세계스포츠비교론,전문규,수 13:30-16:15 (체306호),,3,3
SC1011-00,수상스포츠(스포츠지도학),이준희,일 13:00-14:50 (),,1,1
SC1011-01,수상스포츠(스포츠지도학),오채윤,일 13:00-14:50 (),,1,1
SC1011-02,수상스포츠(스포츠지도학),손은영,일 13:00-14:50 (),,1,1
SC202-00,수영,정주나,토 13:00-14:50 (수영장),,1,1
SC2010-00,스포츠생활안전관리,이준희,월 09:00-11:45 (체307호),,3,2
SC312-00,스포츠선수의기능훈련,정현철,금 10:00-11:50 (체201호),,1,3
SC201-01,스포츠영상데이터분석론,김건탁,화 09:00-12:50 (체309호),,3,2
SC409-00,스포츠윤리학,신명식,수 09:00-11:45 (체305호),,3,4
SC403-01,스포츠현장실습,오경록,화 16:00-19:50 (체205호),,3,4
SC304-00,야영과캠핑,김상훈,금 20:00-21:50 (체105호),,1,3
SC305-01,에어로빅댄스,탁슬기,화 15:00-16:50 (체B101호),,1,3
SC209-00,여가학개론,윤지인,화 10:30-13:15 (체304호),,3,2
SC209-01,여가학개론,윤지인,화 13:30-16:15 (체304호),,3,2
SC2012-00,요트,박기동,토 13:00-14:50 (교외강의실),,1,2
SC410-00,점핑플라이오메트릭,김건탁,목 10:00-11:50 (체215-2호),,1,3
SC204-01,체조I,여홍철,월 15:00-16:50 (체215-1호),,1,2
SC105-01,탁구,지남용,금 10:00-11:50 (체B103호),,1,1
PE216-00,스포츠의사회학적이해,한광령 / 조경훈,화 12:00-13:15 (체206호),목 12:00-13:15 (체206호),3,2
PE301-01,스포츠행정과정책,한광령 / 조경훈,화 13:30-14:45 (체206호),목 13:30-14:45 (체206호),3,3
PE400-00,졸업논문(체육학전공),이정민,일 20:00-20:50 (체206호),,0,4
PE101-00,체육교수방법론,김철민,화 10:30-13:15 (체205호),,3,1
PE203-01,농구I,정건철,수 18:00-19:50 (체201호),,1,2
PE313-00,독립심화학습1(체육학과),한광령 / 이정민,토 09:00-11:45 (교수연구실),,3,3
PE205-01,배구I,임승재,목 09:00-10:50 (체213호),,1,2
PE302-01,배드민턴I,최수연,수 10:00-11:50 (체215-3호),,1,3
PE1011-00,수상스포츠(체육학),이정민,일 13:00-14:50 (),,1,1
PE1011-01,수상스포츠(체육학),조경훈,일 13:00-14:50 (),,1,1
PE1011-02,수상스포츠(체육학),한욱진,일 13:00-14:50 (),,1,1
PE102-01,수상인명구조법1,함경수,토 09:00-10:50 (교외수영장),,1,1
PE218-00,스포츠생리학,정현철,수 13:30-16:15 (체310호),,3,2
PE318-00,스포츠와AI,박외진,월 09:00-11:45 (체310호),,3,3
PE316-00,스포츠와창업,신현경,월 09:00-11:45 (체305호),,3,3
PE306-01,스포츠프로그램구성론,문희수,화 15:00-17:45 (체307호),,3,3
PE1010-00,야영과힐링1,한광령 / 이정민,일 09:00-10:50 (),,1,1
PE219-00,야영과힐링2,이정민,일 09:00-10:50 (),,1,2
PE107-01,체육원리,정건철,목 18:00-20:25 (체206호),,3,1
PE201-01,체육측정평가,이재문,화 09:00-10:15 (체305호),목 09:00-10:15 (체305호),3,2
PE106-01,체육통계학,한범석,금 09:00-11:45 (체309호),,3,1
PE307-01,체육학습분석론,한욱진,화 18:00-20:25 (체305호),,3,3
PE213-01,축구1,전기록,목 10:00-11:50 (필드하키장),,1,2
PE308-01,테니스I,강홍찬,수 14:00-15:50 (1호관테니스장),,1,3
PE105-00,한국체육사,김미숙,목 18:00-20:25 (체205호),수 15:00-17:45 (체305호),3,1
TK401-01,졸업논문(태권도학전공),임신자,토 08:00-09:00 (교수연구실 체420호),,0,4
TK101-01,태권도개론,김은지,화 10:30-11:45 (체310호),목 10:30-11:45 (체310호),3,1
TK101-02,태권도개론,석류,월 18:00-20:25 (체305호),,3,1
TK301-01,태권도사,김효림,화 13:30-14:45 (체305호),목 13:30-14:45 (체305호),3,3
TK301-02,태권도사,정권혁,월 18:00-20:25 (체306호),수 18:00-20:35 (체206호),3,3
TK203-01,유급자품새,전민우,월 13:30-14:45 (체B119호),수 13:30-14:45 (체B119호),2,2
TK203-02,유급자품새,전민우,화 09:00-10:15 (체B119호),목 09:00-10:15 (체B119호),2,2
TK306-01,태권도경기지도법,홍일화,목 12:00-15:50 (체 113호),,3,3
TK306-02,태권도경기지도법,전정우,수 18:00-21:30 (체305호),금 13:30-18:20 (체308호),3,3
TK307-01,태권도과학측정론,강효정,월 09:00-10:15 (체308호),수 09:00-10:15 (체308호),3,3
TK307-02,태권도과학측정론,송정명,화 15:00-16:15 (체310호),목 15:00-16:15 (체309호),3,3
TK105-00,태권도기초동작,정명규,월 13:00-14:50 (체106호),,1,1
TK105-01,태권도기초동작,송선영,수 15:00-16:50 (체B118호),,1,1
TK308-01,태권도성장발달론,김무성,월 15:00-16:15 (체308호),수 15:00-16:15 (체308호),3,3
TK308-02,태권도성장발달론,유덕수,월 18:00-20:25 (체308호),,3,3
TK102-01,태권도연습I,임신자,목 17:00-18:50 (체201호),,1,1
TK102-02,태권도연습I,윤은혜,목 19:15-21:05 (체B119호),,1,1
TK204-01,태권도연습III,오철희,목 17:00-18:50 (체B120호),,1,2
TK204-02,태권도연습III,김효림,목 19:15-21:05 (체B120호),,1,2
TK210-01,태권도익스트림,박선학,월 10:30-11:45 (체B118호),수 10:30-11:45 (체B118호),2,2
TK210-02,태권도익스트림,이세동,화 18:00-20:25 (체106호),,2,2
TK311-01,태권도전공실기1,박선학,목 17:00-18:50 (선승관태권도장),,1,3
TK311-02,태권도전공실기1,유덕수,목 19:15-21:05 (선승관태권도장),,1,3
TK403-01,태권도전공실기3,박선학,목 17:00-18:50 (체106호),,1,4
TK403-02,태권도전공실기3,전정우,목 19:15-21:05 (체B118호),,1,4
TK310-01,태권도프로그램개발론,양혜진,목 14:00-15:50 (체308호),,2,3
TK310-02,태권도프로그램개발론,송현수,수 10:30-12:20 (체306호),,2,3
TK104-01,태권체조,송선영,수 13:00-14:50 (체B120호),,1,1
TK207-01,택견1,박인준,월 10:30-12:20 (체B119호),,1,2
TK207-02,택견1,박인준,수 15:00-16:50 (체B120호),,1,2
EDU3101-G00,교육과정,이서인,목 13:30-15:20 (멀402),,2,2
EDU3101-G01,교육과정,이서인,목 15:30-17:20 (멀402),,2,2
EDU3103-G01,교육방법및교육공학,임병노,화 11:00-12:50 (멀402),,2,3
EDU4101-G01,교육봉사활동1,임병노,- (),,1,4
EDU4102-G01,교육봉사활동2,임병노,- (),,1,4
EDU2101-G01,교육사회학,남기석,화 13:30-15:20 (멀402),,2,2
EDU2101-G02,교육사회학,남기석,화 15:30-17:20 (멀402),,2,2
EDU2102-G02,교육심리학,박미연,목 13:30-15:20 (멀604),,2,2
EDU2102-G03,교육심리학,한지수,목 11:00-12:50 (멀402),,2,2
EDU2103-G02,교육철학및교육사,예철해,월 15:30-17:20 (멀402),,2,2
EDU2104-G01,교육학개론,임병노,월 11:00-12:50 (멀402),,2,2
EDU4104-G01,교육행정및교육경영,김병찬,월 13:30-15:20 (멀604),,2,4
EDU4104-G02,교육행정및교육경영,김병찬,월 15:30-17:20 (멀604),,2,4
EDU3105-G02,교직실무,이미숙,금 13:30-15:20 (멀604),,2,3
EDU3105-G03,교직실무,이미숙,금 15:30-17:20 (멀604),- (),2,3
EDU3106-G03,특수교육학개론,윤송하,금 13:30-15:20 (멀402),,2,3
EDU3106-G04,특수교육학개론,윤송하,금 11:00-12:50 (멀402),,2,3
EDU2107-G02,학교폭력 예방 및 학생의 이해,예철해,월 13:30-15:20 (멀402),,2,2
EDU4103-G00,학교현장실습,임병노,수 09:00-10:50 (멀402),,2,4
EDU4103-G01,학교현장실습,임병노,수 11:00-12:50 (멀402),화 10:30-11:45 (멀513),2,4
ME382-01,독립심화학습1(기계공학과),최동휘 / 송재만,토 12:00-14:45 (공142-2호),,3,"3,4"
ME382-02,독립심화학습1(기계공학과),김형진 / 유원종 / 김상현,토 12:00-14:45 (공371호),,3,"3,4"
GK3024-00,Independent Learning and Research (Global Korean Studies),안지연,토 09:00-10:00 (국207호),,3,3
APHY3608-00,독립심화학습(응용물리)1,김선경,금 - (),,3,3
APHY3608-01,독립심화학습(응용물리)1,김선경,금 - (),,3,3
APHY3608-02,독립심화학습(응용물리)1,김선경,금 - (),화 12:00-14:45 (멀608),3,3
APCH4605-02,독립심화학습1(응용화학과),강경태,금 - (),,3,4
AE472-00,건물에너지설계,정인영,목 16:30-19:15 (공149호),,3,3
FT3086-02,독립심화학습1(연극영화학),이영석,월 09:30-12:30 (예B166),,3,3
FT3086-03,독립심화학습1(연극영화학),이영석,월 09:30-12:30 (예B166),,3,3
FT3086-04,독립심화학습1(연극영화학),이효인,월 09:30-12:30 (예B139),,3,3
FT3086-05,독립심화학습1(연극영화학),이효인,월 09:30-12:30 (예B139),,3,3
FT3086-06,독립심화학습1(연극영화학),이효인,월 09:30-12:30 (예B139),,3,3
FT3086-07,독립심화학습1(연극영화학),이효인,월 09:30-12:30 (예B139),,3,3
IS3520-05,Independent Learning & Research (International Studies),이젬마,토 09:00-11:45 (국207호),수 10:30-13:15 (멀B114),3,3
APCH4605-03,독립심화학습1(응용화학과),이민형,금 - (),,3,4
APCH4605-04,독립심화학습1(응용화학과),이민형,금 - (),,3,4
APCH4605-05,독립심화학습1(응용화학과),이민형,금 - (),,3,4
APCH4605-06,독립심화학습1(응용화학과),김병곤,금 - (),,3,4
APCH4605-07,독립심화학습1(응용화학과),김민호,금 - (),,3,4
APHY3608-03,독립심화학습(응용물리)1,이호선,금 - (),,3,3
FT3086-08,독립심화학습1(연극영화학),이효인,월 09:30-12:30 (예B139),,3,3
AMTH4012-00,졸업논문(응용수학과),김정산,금 - (),- (),0,4
ESP325-00,스페인어희곡,권미선,금 13:30-14:45 (외406),금 15:00-16:15 (외406),3,3
SWCON363-00,독립심화학습1(소프트웨어융합학과),이원희,수 18:00-20:45 (전137),월 18:30-19:20 (전205),3,3
EE368-01,독립심화학습1(전자공학과),윤상웅,토 09:00-11:45 (),,3,3
EE368-02,독립심화학습1(전자공학과),윤상웅,토 09:00-11:45 (),,3,3
EE368-03,독립심화학습1(전자공학과),이응규,토 09:00-11:45 (),,3,3
EE368-04,독립심화학습1(전자공학과),이응규,토 09:00-11:45 (),,3,3
EE368-05,독립심화학습1(전자공학과),윤상웅,토 09:00-11:45 (),,3,3
EE369-01,독립심화학습2(전자공학과),박욱,토 09:00-11:45 (),,3,3
EE369-02,독립심화학습2(전자공학과),최기호,토 09:00-11:45 (),,3,3
EE369-03,독립심화학습2(전자공학과),최민석,토 09:00-11:45 (),,3,3
EE369-04,독립심화학습2(전자공학과),최민석,토 09:00-11:45 (),,3,3
SPACE493-10,독립심화학습1(우주과학과),진호,금 - (),,3,3
GK3012-00,Advanced Korean 1,김경표,금 10:30-13:15 (국208호),,3,3
GK3013-00,Advanced Korean 2,이영주,화 13:30-16:15 (국204호),,3,3
ME481-05,캡스톤디자인2(기계공학),이순걸,금 09:00-11:45 (공B105호),,3,4
ME481-06,캡스톤디자인2(기계공학),최진환,금 09:00-11:45 (공142-1호),,3,4
ME481-07,캡스톤디자인2(기계공학),임성수,금 09:00-11:45 (공148호),,3,4
ME481-08,캡스톤디자인2(기계공학),구준모,금 09:00-11:45 (공263호),,3,4
ME481-09,캡스톤디자인2(기계공학),이병찬,금 09:00-11:45 (공363호),,3,4
ME481-10,캡스톤디자인2(기계공학),정인화,금 13:30-16:15 (공363호),,3,4
ME481-11,캡스톤디자인2(기계공학),이충엽,금 09:00-11:45 (유체물리전산공학혁신 연구실),,3,4
ME481-12,캡스톤디자인2(기계공학),김형진,금 09:00-11:45 (멀티스케일에너지재료및가공학생실(Multiscale Energy Materials&Procession Lab)),,3,4
ME481-13,캡스톤디자인2(기계공학),유원종,금 09:00-11:45 (실211호),,3,4
ME481-14,캡스톤디자인2(기계공학),송재만,금 09:00-11:45 (멀티스케일에너지재료및가공실험실(Multiscale Energy Materials&Procession Lab)),,3,4
ME481-15,캡스톤디자인2(기계공학),김상현,금 09:00-11:45 (공307호),,3,4
IS2505-01,Korean Politics and Economy,정연경,화 12:00-13:15 (국204호),목 12:00-13:15 (국204호),3,2
IS3406-01,North Korea and Inter-Korean Relations,허지영,월 12:00-13:15 (국101-2호),수 12:00-13:15 (국101-2호),3,3
VID2022-01,디자인씽킹,정지연 / 신지영,수 11:00-12:50 (예401),수 09:00-11:00 (예401),3,2
VID3037-02,캡스톤디자인(시각디자인학)1,박상희 / 한희석,목 16:30-18:00 (예415),목 18:00-19:20 (예415),3,4
VID3037-03,캡스톤디자인(시각디자인학)1,김은정,화 10:00-12:50 (LAB실),,3,4
VID2011-01,타이포그래피,장수영,화 09:00-12:50 (예415),,3,2
FT2023-01,디지털편집실습,안준성,금 14:00-17:50 (예225),,3,2
FT2076-01,초급영화이론,이효인,화 09:30-13:20 (예B139),,3,2
SWCON363-01,독립심화학습1(소프트웨어융합학과),이원희,금 18:00-20:45 (전137),,3,3
DC303-01,VFX제작,김상준,목 13:30-17:20 (예706),,3,3
DC207-01,사운드디자인,조남준,금 13:30-17:20 (예705),,3,2
DC219-01,애니메이션연구,장우린,월 09:00-12:50 (예706),,3,2
SPACE493-11,독립심화학습1(우주과학과),최윤영,금 - (),,3,3
CSE495-01,독립심화학습1(컴퓨터공학),김정욱,금 18:00-20:45 (전226),,3,3
CSE496-01,연구연수활동1(컴퓨터공학),김정욱,월 18:00-19:50 (B07),,1,4
EDU3200-G00,교과교육론(스페인어),김찬기,화 16:30-17:45 (외304),목 16:30-17:45 (외304),3,3
CSE406-01,캡스톤디자인,박성배,화 19:30-20:45 (B09),목 19:30-20:45 (B09),3,4
CSE406-02,캡스톤디자인,유인태,화 19:30-20:45 (B09),목 19:30-20:45 (B09),3,4
CSE406-03,캡스톤디자인,조진성,화 19:30-20:45 (B09),목 19:30-20:45 (B09),3,4
CSE406-04,캡스톤디자인,이영구,금 18:00-20:45 (B09),,3,4
CSE406-05,캡스톤디자인,이승규,화 19:30-20:45 (B09),목 19:30-20:45 (B09),3,4
CSE406-06,캡스톤디자인,전석희,화 19:30-20:45 (B09),목 19:30-20:45 (B09),3,4
CSE406-08,캡스톤디자인,최진우,화 19:30-20:45 (B09),목 19:30-20:45 (B09),3,4
CSE406-09,캡스톤디자인,김성태,화 19:30-20:45 (B09),목 19:30-20:45 (B09),3,4
CSE406-10,캡스톤디자인,박경문,화 19:30-20:45 (B09),목 19:30-20:45 (B09),3,4
CSE406-11,캡스톤디자인,Chaoning Zhang,화 19:30-20:45 (B09),목 19:30-20:45 (B09),3,4
CSE406-12,캡스톤디자인,김정욱,화 19:30-20:45 (B09),목 19:30-20:45 (B09),3,4
CSE406-13,캡스톤디자인,장대희,화 19:30-20:45 (B09),목 19:30-20:45 (B09),3,4
CSE406-14,캡스톤디자인,허선영,화 19:30-20:45 (B09),목 19:30-20:45 (B09),3,4
CSE406-15,캡스톤디자인,강선무,화 19:30-20:45 (B09),목 19:30-20:45 (B09),3,4
ID3012-01,UX디자인,김유빈,금 13:30-17:20 (예305),,3,3
SWCON103-01,디자인적사고,성무진,금 09:00-12:50 (전226),,3,1
CSE495-02,독립심화학습1(컴퓨터공학),이원희,월 18:00-20:45 (전509),,3,3
CSE496-02,연구연수활동1(컴퓨터공학),김휘용,금 18:00-19:50 (B09),,1,4
CSE496-03,연구연수활동1(컴퓨터공학),장대희,금 18:00-19:50 (B09),,1,4
CSE496-04,연구연수활동1(컴퓨터공학),김휘용,금 18:00-19:50 (B07),,1,4
CSE496-05,연구연수활동1(컴퓨터공학),전석희,금 18:00-19:50 (B07),,1,4
CSE496-06,연구연수활동1(컴퓨터공학),최진우,금 18:00-19:50 (B07),월 18:00-19:50 (멀202),1,4
BME314-01,독립심화학습1(생체의공학과),이진석,토 09:00-11:45 (전103),,3,3
EE497-00,종합설계(전자공학),최우준,목 18:30-21:15 (전205),,3,4
EE497-01,종합설계(전자공학),최승규,목 18:30-21:15 (전205),,3,4
EE497-02,종합설계(전자공학),최승규,목 18:30-21:15 (전205),,3,4
EE497-03,종합설계(전자공학),최승규,목 18:30-21:15 (전205),,3,4
EE497-04,종합설계(전자공학),임영현,목 18:30-21:15 (전205),,3,4
EE497-05,종합설계(전자공학),이응규,목 18:30-21:15 (전205),,3,4
EE497-06,종합설계(전자공학),이응규,목 18:30-21:15 (전205),,3,4
EE497-07,종합설계(전자공학),이승환,목 18:30-21:15 (전205),,3,4
EE497-08,종합설계(전자공학),이승환,목 18:30-21:15 (전205),,3,4
EE497-09,종합설계(전자공학),이승현,목 18:30-21:15 (전205),,3,4
EE497-10,종합설계(전자공학),이승현,목 18:30-21:15 (전205),,3,4
EE497-11,종합설계(전자공학),박욱,목 18:30-21:15 (전205),,3,4
EE497-12,종합설계(전자공학),김대원,목 18:30-21:15 (전205),,3,4
EE497-13,종합설계(전자공학),김대원,목 18:30-21:15 (전205),,3,4
EE497-14,종합설계(전자공학),홍상훈,목 17:00-19:45 (전205),,3,4
EE497-15,종합설계(전자공학),홍상훈,목 18:30-21:15 (전205),,3,4
EE497-16,종합설계(전자공학),홍상훈,목 18:00-21:15 (전205),,3,4
EE497-17,종합설계(전자공학),홍상훈,목 19:00-22:15 (전205),,3,4
EE497-18,종합설계(전자공학),홍상훈,목 18:00-21:15 (전205),,3,4
EE497-19,종합설계(전자공학),홍상훈,목 18:00-21:15 (전205),,3,4
EE497-20,종합설계(전자공학),홍상훈,목 18:00-21:15 (전205),,3,4
EE497-21,종합설계(전자공학),홍상훈,목 18:00-21:15 (전205),,3,4
EE497-22,종합설계(전자공학),홍상훈,목 17:00-20:00 (전205),,3,4
EE497-23,종합설계(전자공학),홍상훈,목 18:00-21:15 (전205),,3,4
EE497-24,종합설계(전자공학),김동한,목 18:00-21:15 (전205),,3,4
EE497-25,종합설계(전자공학),김동한,목 18:00-20:45 (전205),,3,4
EE497-26,종합설계(전자공학),김동한,목 18:00-20:45 (전205),,3,4
EE497-27,종합설계(전자공학),김동한,목 18:00-21:15 (전205),,3,4
EE497-28,종합설계(전자공학),임영현,목 18:00-20:45 (전205),,3,4
EE497-29,종합설계(전자공학),임영현,목 18:00-20:45 (전205),,3,4
EE497-30,종합설계(전자공학),이종욱,목 18:00-20:45 (전205),,3,4
EE497-31,종합설계(전자공학),이종욱,목 18:00-20:45 (전205),,3,4
EE497-32,종합설계(전자공학),박욱,목 18:00-20:45 (전205),,3,4
EE497-33,종합설계(전자공학),최민석,목 18:00-20:45 (전205),,3,4
EE497-34,종합설계(전자공학),김동한,목 18:00-20:45 (전205),,3,4
EE497-35,종합설계(전자공학),정해준,목 18:00-20:45 (전205),,3,4
EE497-36,종합설계(전자공학),정해준,목 18:00-20:45 (),,3,4
EE497-37,종합설계(전자공학),김규헌,목 18:00-20:45 (전205),,3,4
EE497-38,종합설계(전자공학),김대원,목 18:00-20:45 (전205),,3,4
EE497-39,종합설계(전자공학),김대원,목 18:00-20:45 (전205),,3,4
EE497-40,종합설계(전자공학),김대원,목 18:00-20:45 (전205),,3,4
EE497-41,종합설계(전자공학),김대원,목 18:00-20:45 (전205),,3,4
EE497-42,종합설계(전자공학),김대원,목 18:00-20:45 (전205),,3,4
EE497-43,종합설계(전자공학),김대원,목 18:00-20:45 (전205),,3,4
EE497-44,종합설계(전자공학),김대원,목 18:00-20:45 (전205),,3,4
EE497-45,종합설계(전자공학),김동한,목 18:00-20:45 (전205),,3,4
EE497-46,종합설계(전자공학),김동한,목 18:00-20:45 (전205),,3,4
EE497-47,종합설계(전자공학),김동한,목 18:00-20:45 (전205),,3,4
EE497-48,종합설계(전자공학),김동한,목 18:00-20:45 (전205),,3,4
EE497-49,종합설계(전자공학),김상혁,목 18:00-20:45 (전205),,3,4
EE497-50,종합설계(전자공학),김상혁,목 18:00-20:45 (전205),,3,4
EE368-06,독립심화학습1(전자공학과),이종욱,토 09:00-11:45 (),월 09:00-10:50 (멀405),3,3
EE209-03,논리회로,유재수,월 12:00-13:15 (전226),수 12:00-13:15 (전226),3,2
EE202-03,회로이론,박정환,월 10:30-11:45 (전539),수 10:30-11:45 (전539),3,2
EE369-05,독립심화학습2(전자공학과),김대원,토 09:00-11:45 (),,3,3
EE369-06,독립심화학습2(전자공학과),김대원,토 09:00-11:45 (),,3,3
EE369-07,독립심화학습2(전자공학과),김대원,토 09:00-11:45 (),,3,3
APCH1101-08,화학및실험1,김민호,화 15:00-16:50 (멀309),목 15:00-16:50 (멀403),3,1
EE368-07,독립심화학습1(전자공학과),김상혁,토 09:00-11:45 (),,3,3
LA339-04,독립심화학습1(환경조경디자인학),김신원,화 17:30-20:15 (예506),,3,3
EE497-51,종합설계(전자공학),김상혁,목 18:00-20:45 (전205),,3,4
EE497-52,종합설계(전자공학),홍상훈,목 18:00-20:45 (전205),,3,4
ESP438-01,캡스톤디자인히스패닉세계연구,권미선,금 09:00-11:45 (외202),,3,4
ESP438-02,캡스톤디자인히스패닉세계연구,권미선,금 09:00-11:45 (외202),,3,4
RU4402-01,캡스톤디자인(러시아연구),권세은,화 12:00-13:15 (외402),목 12:00-13:15 (외402),3,4
RU4402-02,캡스톤디자인(러시아연구),권세은,화 12:00-13:15 (외402),목 12:00-13:15 (외402),3,4
RU4402-03,캡스톤디자인(러시아연구),권세은,화 12:00-13:15 (외402),목 12:00-13:15 (외402),3,4
ELC410-01,어문프로젝트(캡스톤디자인),김상욱,화 15:00-17:45 (외202),,3,4
CHI417-01,캡스톤디자인(중국어),김경석,금 09:00-11:45 (외302),,3,4
CHI417-02,캡스톤디자인(중국어),김경석,금 09:00-11:45 (외302),,3,4
CHI417-03,캡스톤디자인(중국어),김경석,금 09:00-11:45 (외302),,3,4
JP378-01,캡스톤디자인-일본문화컨텐츠제작,이창수,금 13:30-14:45 (외202),금 15:00-16:15 (외202),3,3
JP378-02,캡스톤디자인-일본문화컨텐츠제작,이창수,금 13:30-14:45 (외202),금 15:00-16:15 (외202),3,3
JP378-03,캡스톤디자인-일본문화컨텐츠제작,이창수,금 13:30-14:45 (외202),금 15:00-16:15 (외202),3,3
JP378-04,캡스톤디자인-일본문화컨텐츠제작,이창수,금 13:30-14:45 (외202),금 15:00-16:15 (외202),3,3
CSE406-17,캡스톤디자인,김정욱,화 19:30-20:45 (B09),목 19:30-20:45 (B09),3,4
SWCON401-10,소프트웨어융합캡스톤디자인,이원희,금 15:00-17:50 (전409),,3,4
SWCON401-11,소프트웨어융합캡스톤디자인,강형엽,금 15:00-17:50 (전309),,3,4
SWCON401-12,소프트웨어융합캡스톤디자인,강형엽,금 15:00-17:50 (전309),,3,4
SWCON401-13,소프트웨어융합캡스톤디자인,우탁,금 15:00-17:50 (우정원B140호),,3,4
SWCON401-14,소프트웨어융합캡스톤디자인,우탁,금 15:00-17:50 (우정원B140호),,3,4
SWCON401-15,소프트웨어융합캡스톤디자인,우탁,금 15:00-17:50 (우정원B140호),,3,4
SWCON401-16,소프트웨어융합캡스톤디자인,박상근,금 15:00-17:50 (전409),,3,4
SWCON401-17,소프트웨어융합캡스톤디자인,박상근,금 15:00-17:50 (전409),,3,4
SWCON401-18,소프트웨어융합캡스톤디자인,박상근,금 15:00-17:50 (전409),,3,4
SWCON401-19,소프트웨어융합캡스톤디자인,이대호,금 15:00-17:50 (전409),,3,4
SWCON401-20,소프트웨어융합캡스톤디자인,조명아,금 15:00-17:50 (전409),,3,4
SWCON401-21,소프트웨어융합캡스톤디자인,오승재,금 12:00-14:50 (전309),,3,4
SWCON401-22,소프트웨어융합캡스톤디자인,오승재,금 12:00-14:50 (전309),,3,4
SWCON401-23,소프트웨어융합캡스톤디자인,오승재,금 12:00-14:50 (전309),,3,4
SWCON401-24,소프트웨어융합캡스톤디자인,황효석,금 15:00-17:50 (전409),,3,4
SWCON401-25,소프트웨어융합캡스톤디자인,황효석,금 15:00-17:50 (전409),,3,4
SWCON367-02,게임콘텐츠캡스톤디자인,강형엽,화 17:00-19:50 (전409),,3,3
SWCON367-03,게임콘텐츠캡스톤디자인,강형엽,화 17:00-19:50 (전409),,3,3
SWCON367-04,게임콘텐츠캡스톤디자인,오승재,수 17:00-19:50 (전509),,3,3
SWCON367-05,게임콘텐츠캡스톤디자인,오승재,수 17:00-19:50 (전509),,3,3
SWCON321-05,데이터분석캡스톤디자인,이원희,목 18:00-20:50 (전309),,3,3
SWCON332-03,로봇·비전캡스톤디자인,조명아,금 12:00-14:50 (전509),,3,3
FR4301-01,프랑스문화탐구캡스톤디자인,홍명희,월 13:30-14:45 (외404),월 15:00-16:15 (외404),3,3
FR4301-02,프랑스문화탐구캡스톤디자인,홍명희,월 13:30-14:45 (외404),월 15:00-16:15 (외404),3,3
CSE406-18,캡스톤디자인,유인태,화 19:30-20:45 (B09),목 19:30-20:45 (B09),3,4
CSE406-19,캡스톤디자인,박경문,화 19:30-20:45 (B09),목 19:30-20:45 (B09),3,4
CSE406-20,캡스톤디자인,강선무,화 19:30-20:45 (B09),목 19:30-20:45 (B09),3,4
CSE406-21,캡스톤디자인,이승규,화 19:30-20:45 (B09),목 19:30-20:45 (B09),3,4
CSE406-22,캡스톤디자인,박성배,화 19:30-20:45 (B09),목 19:30-20:45 (B09),3,4
KO4304-01,한국언어문화캡스톤디자인,김종수,화 15:00-17:45 (외404),,3,4
KO4304-02,한국언어문화캡스톤디자인,김종수,화 15:00-17:45 (외404),,3,4
KO4304-03,한국언어문화캡스톤디자인,김종수,화 15:00-17:45 (외404),,3,4
KO4304-04,한국언어문화캡스톤디자인,김종수,화 15:00-17:45 (외404),,3,4
KO4304-05,한국언어문화캡스톤디자인,김종수,화 15:00-17:45 (외404),,3,4
CSE406-23,캡스톤디자인,장대희,화 19:30-20:45 (B09),목 19:30-20:45 (B09),3,4
CSE406-24,캡스톤디자인,조진성,화 19:30-20:45 (B09),목 19:30-20:45 (B09),3,4
GEN418-01,유전공학종합설계,김기영,금 13:00-15:45 (생424),,3,4
GEN418-02,유전공학종합설계,김기영,금 13:00-15:45 (생424),,3,4
GEN418-03,유전공학종합설계,김기영,금 13:00-15:45 (생424),,3,4
GEN418-04,유전공학종합설계,김기영,금 13:00-15:45 (생424),,3,4
GEN418-05,유전공학종합설계,김기영,금 13:00-15:45 (생424),,3,4
GEN418-06,유전공학종합설계,김기영,금 13:00-15:45 (생424),,3,4
GEN418-07,유전공학종합설계,김기영,금 13:00-15:45 (생424),,3,4
GEN418-08,유전공학종합설계,김기영,금 13:00-15:45 (생424),,3,4
GEN418-09,유전공학종합설계,김기영,금 13:00-15:45 (생424),,3,4
FSB402-01,식품생명공학캡스톤디자인1,박천석,토 10:00-12:45 (국301),,3,4
FSB402-02,식품생명공학캡스톤디자인1,박천석,토 10:00-12:45 (국301),,3,4
FSB402-03,식품생명공학캡스톤디자인1,박천석,토 10:00-12:45 (국301),,3,4
FSB402-04,식품생명공학캡스톤디자인1,박천석,토 10:00-12:45 (국301),,3,4
FSB402-05,식품생명공학캡스톤디자인1,박천석,토 10:00-12:45 (국301),,3,4
FSB402-06,식품생명공학캡스톤디자인1,박천석,토 10:00-12:45 (국301),,3,4
FSB402-07,식품생명공학캡스톤디자인1,박천석,토 10:00-12:45 (국301),,3,4
FSB402-08,식품생명공학캡스톤디자인1,박천석,토 10:00-12:45 (국301),,3,4
PAM411-01,바이오소재캡스톤디자인1,이찬희,수 16:00-18:45 (생태정보실험실),,3,4
PAM411-02,바이오소재캡스톤디자인1,이찬희,수 16:00-18:45 (생태정보실험실),,3,4
ELC411-01,문화프로젝트(캡스톤디자인),이택광,화 13:30-16:15 (외305),,3,4
ELC411-02,문화프로젝트(캡스톤디자인),이택광,화 13:30-16:15 (외305),,3,4
ELC411-03,문화프로젝트(캡스톤디자인),이택광,화 13:30-16:15 (외305),,3,4
ELC411-04,문화프로젝트(캡스톤디자인),이택광,화 13:30-16:15 (외305),,3,4
ELC411-05,문화프로젝트(캡스톤디자인),이택광,화 13:30-16:15 (외305),,3,4
ELC411-06,문화프로젝트(캡스톤디자인),이택광,화 13:30-16:15 (외305),,3,4
ELC411-07,문화프로젝트(캡스톤디자인),이택광,화 13:30-16:15 (외305),,3,4
CSE406-25,캡스톤디자인,이영구,금 18:00-20:45 (B09),,3,4
CSE406-26,캡스톤디자인,이영구,금 18:00-20:45 (B09),,3,4
CSE406-27,캡스톤디자인,Chaoning Zhang,화 19:30-20:45 (B09),목 19:30-20:45 (B09),3,4
CSE406-28,캡스톤디자인,Chaoning Zhang,화 19:30-20:45 (B09),목 19:30-20:45 (B09),3,4
CSE406-29,캡스톤디자인,Chaoning Zhang,화 19:30-20:45 (B09),목 19:30-20:45 (B09),3,4
CSE406-30,캡스톤디자인,Chaoning Zhang,화 19:30-20:45 (B09),목 19:30-20:45 (B09),3,4
CSE406-31,캡스톤디자인,전석희,화 19:30-20:45 (B09),목 19:30-20:45 (B09),3,4
